,timestamp,location,text,sentiment_score,sentiment
0,2022-11-26T23:55:57.000Z,,Stay that way or abortion time asap😂 #fuckthemkids #abortion #prochoice #childfreebychoice https://t.co/ClN6AUhcHr,-0.996777355670929,Strongly Negative
1,2022-11-26T23:29:33.000Z,earth,"#ProChoice
#ProLife

https://t.co/aFqznSk3T4",-0.9920378923416138,Strongly Negative
2,2022-11-26T22:08:20.000Z,,"Unapologetic Catholic's Anti Abortion Fallacies EXPOSED https://t.co/mqFyVfD44L via @YouTube 
#ProChoice 
#Abortion
#Politics",-0.9963634610176086,Strongly Negative
3,2022-11-26T21:08:14.000Z,"Bonn, Germany","ProLife vs. ProDeath!

RT @RebekahWriter: I am an alumna of Ohio State University and am #ProChoice.

Michigan coach Harbaugh is anti-abortion.

For every point Michigan scores against Ohio State today, I will donate $10 to the Abortion Fund to help Ohioans access abortion care.",-0.9121783971786499,Strongly Negative
4,2022-11-26T20:29:49.000Z,"New Orleans, LA","How the Overturn of Roe v. Wade Has Changed Dating in the United States.
#ReproductiveRights
#KeepAbortionLegal
#ProChoice 
 https://t.co/7uClqvWzBt",-0.9813133478164673,Strongly Negative
5,2022-11-26T20:08:57.000Z,"Louisville, KY",. #abortion @GOP #christofascists #ProChoice #hypocrisy #MAGAts https://t.co/Vu2bNEXIm2,-0.9965324401855469,Strongly Negative
6,2022-11-26T18:44:53.000Z,"New York, U.S.A.",Jah &amp; Jahes love. OMG! THE ⁦@GessicaGeneus⁩ “like” my comment on her Instagram post! Blessed love.#1804 #Ayiti #ToutMounSeMoun #AbolishCPS #DefundFosterCare #ProChoice https://t.co/YcH4ZyO5Xx,0.7536867260932922,Strongly Positive
7,2022-11-26T18:38:40.000Z,"London, UK","The tragedy of abortion is compounded by the indifference of our peers.

Watch Michael's full opening talk 👉 https://t.co/PjOLtrUAur

#fyp #prolife #prochoice #abortion #womensrights #equalrights #justice https://t.co/T2BiKSmmPm",-0.997901439666748,Strongly Negative
8,2022-11-26T18:05:29.000Z,"Tampa, FL","Never knew so many pro-life and born- again Christian billboards existed. Then I drove through East Texas.
#Texas #prochoice #RoeVWade #progressivechristianity",-0.9419770240783691,Strongly Negative
9,2022-11-26T17:12:59.000Z,,"Nobody needs an abortion until they need an abortion.  Those not needing an abortion should probably shut the fuck up. 
#abortionrights 
#prochoice
#WomensRightsAreHumanRights",-0.996631920337677,Strongly Negative
10,2022-11-26T16:58:15.000Z,,"No uterus, no opinion https://t.co/w9o7OiQHbq via @YouTube 
#abortionrights #abortionrightsarehumanrights #abortionishealthcare #WomensRightsAreHumanRights #womenshealth #prochoice #mindyourbusiness",-0.9966842532157898,Strongly Negative
11,2022-11-26T16:44:00.000Z,United States,"""Does restricting abortion lead to more unwanted births?""

""Who will adopt all the extra children?""

“Pro-lifers are hypocrites and pro-birthers”

“Unwanted children lead to educational and career problems, poverty, child abuse...“ #LetThemLive #prochoice
https://t.co/FYWk5zYoj5",-0.9966257810592651,Strongly Negative
12,2022-11-26T16:41:27.000Z,"Las Cruces, NM",For all of you out there that are pro choice please choose to keep your legs closed so innocent babies are not executed on a daily basis. #prochoice #prolife #commonsense #sorrynotsorry,-0.9974610805511475,Strongly Negative
13,2022-11-26T16:37:57.000Z,"Albuqurque,NM & Alpha Quadrant",Am I #ProLife or #ProChoice? I am only #ProResults and #ProResponsibility!!!!! 👨‍👩‍👧‍👧 https://t.co/1RhdjJSI6z,-0.9977825284004211,Strongly Negative
14,2022-11-26T15:43:41.000Z,"Niagara Falls, Ontario",Definitely not what I wanted to see when leaving my house today. #prochoice https://t.co/HLxBxJgLlX,-0.9997852444648743,Strongly Negative
15,2022-11-26T15:41:36.000Z,,"Learn about #abortion advocacy campaigns and initiatives in our new #actionguide! Link in bio!

#abortions #abortionrightsarehumanrights #abortionishealthcare #reproductiverights #mybodymychoice #prochoice #roevswade https://t.co/IORltiljvE",-0.9806453585624695,Strongly Negative
16,2022-11-26T15:32:12.000Z,"Cincinnati, OH","After making his list 
and checking it twice,
#SantaClaus has decided 
he is super #prochoice! 

So to all antichoicers 
who say they're #ProLife-rs, 
Stop changing laws 
and start changing diapers!

#MerryChristmas 
#HappyHolidays2022 
#mybodymychoice",-0.9900272488594055,Strongly Negative
17,2022-11-26T15:05:27.000Z,To the left. ,"I am an alumna of The Ohio State University and I am #ProChoice.

Michigan coach Jim Harbaugh is anti-abortion.

For every point Michigan scores against Ohio State today, I will donate $10 to the Abortion Fund of Ohio to help Ohioans access abortion care.
https://t.co/hujEVbFcaw",-0.6814222931861877,Negative
18,2022-11-26T12:07:36.000Z,Worldwide,People are #prochoice until you say that euthanasia should be available to everyone for any reason,-0.9986791014671326,Strongly Negative
19,2022-11-26T11:46:52.000Z,,"أنا متحوّل جنسي. ما سبب ندمي؟

See post on:
https://t.co/GSFQfvkpBX

#theopenminder #waltheyer #openminderforthetruth #wordoftruth #bible #love #lgbtq #feminism #prolife #prochoice #psychology #sensuality #abortion #sexuality #dating #marriage #الشذوذ_الجنسي#إنفتاح_للحق #المثلية https://t.co/oAQX4qITQa",-0.9852553606033325,Strongly Negative
20,2022-11-26T11:11:07.000Z,,We need to stop trying to control people their bodies and their choices abortions to what they put in their body and what they do with their body is their choice no matter what no matter what we like it all is wrong to tell someone what to do.  #prochoice,-0.9455652832984924,Strongly Negative
21,2022-11-26T10:53:33.000Z,"Portland, OR",I changed my WiFi network to “COVID 5G Testing Site” to freak out my MAGA neighbors. #trump #insurrection #idiots #fakechristians #prochoice #antigun,-0.9993302822113037,Strongly Negative
22,2022-11-26T10:03:22.000Z,Northern New Jersey AKA XANADU,"#Fact:

#HerschelWalker is #ProChoice

Fact:

@HershelWalker forced his many #Girlfriends to have an #Abortions

#FactsAreFacts
#FactsMatter",-0.992864727973938,Strongly Negative
23,2022-11-26T07:36:25.000Z,,"Ein kollektives, filmisches Portrait über d. Schwangerschaftsabbruch mit anschl. Publikumsgespräch!
05.12.22 | 17:30 | Stadtkino Wien
Kommt zahlreich! Es wird ein spannender Abend!
Info &amp; Ticket: https://t.co/ucRxEzVipS…
#prochoice
@StadtkinoWien @CWienia
https://t.co/IZZWtf9Hf1 https://t.co/iS6O0WqPy1",-0.9944133162498474,Strongly Negative
24,2022-11-26T06:05:18.000Z,,#prochoice,-0.9683780670166016,Strongly Negative
25,2022-11-26T05:32:50.000Z,"Bayern, Deutschland","Der Begriff Schwangerschaftsabbruch ist irreführend.
Es ist ein Lebensabbruch.
So wie jede Tötung.
#prochoice #Abtreibung #wegmit218 #wegmit219a",-0.9937876462936401,Strongly Negative
26,2022-11-26T02:27:31.000Z,,"Every human being has a choice, make your choice based on Truth. The choice is yours.
https://t.co/yRohrfXdSq
#prochoice #love #pride #Pride2022 #gaypride #gaypride2022",0.9356430768966675,Strongly Positive
27,2022-11-26T01:50:00.000Z,So Cal,🏳️‍🌈(she/her) #prochoice #lgbtq #blm #RESIST✊🏻 Will always vote Blue no matter who. I stand up for others and our democracy. @JPeace2u,-0.7719042301177979,Strongly Negative
28,2022-11-25T23:56:02.000Z,"anytown,usa",#alllivesmatter #prochoice Whirly isn't there as much as a push to #prevent pregnancy as there is to kill a life already created? To me it seems all about the right to kill? Exceptions for lorn and abnormality are small,-0.9995570778846741,Strongly Negative
29,2022-11-25T23:35:35.000Z,,"G-D YHWH is EVERYTHING, meaning that the “EVERYTHING” YHWH is, is so massive &amp; infinite it includes everyTHING &amp; every possible THING. So just a possibility existing on any level means it exists. Also EVERYTHING includes nothing. #BlackFriday #YHWH #UNIVERSE #GODsPLAN #ProChoice",-0.9768334627151489,Strongly Negative
30,2022-11-25T23:23:38.000Z,United States,"#nsfwtwt #nsfw #phonesex #sex #bdsm #niteflirt #phoneseks #NiteFlirt  https://t.co/5zJhsowTiF Confess your sins! 

Or Tell me why liberalism (especially #democraticsocialism #feminist #prochoice ) is wrong. #MAGAGA #maga #TRUMP #TrumpRally #proudboys https://t.co/414OMPh1qs",-0.9986238479614258,Strongly Negative
31,2022-11-25T23:23:05.000Z,"St Marys, WV",#equalrights #equality #feminism #feminist #humanrights #womensrights #womenempowerment #genderequality #blacklivesmatter #lgbtq #womensupportingwomen #love #equalityforall #women #lgbt #girlpower #prochoice #justice #pride #loveislove #intersectionalfeminism #blm #empowerment https://t.co/GFQxKiZAoK,-0.9073211550712585,Strongly Negative
32,2022-11-25T23:00:05.000Z,"Independence, Virginia","Is your religious congregation angry about the current wave of #abortionbans sweeping our nation? Do you wish you could do more to challenge them? If so, join us!

To learn more and become part of our coalition, visit:
https://t.co/RmwFFdKuNl

#WomenFaithFury #ProChoice https://t.co/B3ooRNqmQq",-0.9972631931304932,Strongly Negative
33,2022-11-25T21:59:09.000Z,"California, USA",Doctors shouldn’t have to choose between doing their jobs and keeping their jobs #prochoice,-0.9905521869659424,Strongly Negative
34,2022-11-25T20:50:02.000Z,,#cheater #Scandal #prochoice Knowledge is power site:Sexual #Revolution is bringing #sexodus https://t.co/ExEG6Lw4FI https://t.co/Olw3RF5h0d,-0.9206842184066772,Strongly Negative
35,2022-11-25T20:40:38.000Z,,"You cannot be prolife (anti-abortion) and support your troops (pro-war). Killing a human, sending a human to die or stopping the development of a human are the same things. I am absolutely Pro-choice, just saying that pro-lifers are kind of hypocrites. #ProLife #prochoice #women",-0.9801771640777588,Strongly Negative
36,2022-11-25T20:00:01.000Z,"Belfast, Northern Ireland","Spread the word #AbortionIsNormal!
Designed by artist Nichola Irvine pick up this stigma smashing message on tote bags, tees and jumpers on our website.
➡️ https://t.co/MPzOsKUA6Y
#ProChoice
[Image: a black tote bag, sweatshirt and t-shirt stating abortion is normal] https://t.co/K8eQ33iWsf",-0.996712327003479,Strongly Negative
37,2022-11-25T19:19:02.000Z,,"“It’s killing an innocent life.”

“It’s killing” - insufficient. Things, even people, can be killed for a variety of perfectly ethical, moral and legal reasons.

“It’s innocent.” - begging the conclusion. Simple as that. 

An absolutely meaningless non-argument. #prochoice",-0.996992826461792,Strongly Negative
38,2022-11-25T18:49:43.000Z,,"Hey, don't have sex if you aint ready for a baby...your #ProChoice truth of the day.",0.7961230278015137,Strongly Positive
39,2022-11-25T18:11:00.000Z,"Bayern, Deutschland",Nursing student shares her perspective on abortion-upto-birth #shorts #prolife #prochoice  https://t.co/XyheWgxTD4,0.9231805205345154,Strongly Positive
40,2022-11-25T17:01:43.000Z,"Alberta, Canada","I'm cognizant of my language, rather than saying I am #prochoice, I say I have pro-choice beliefs. When I discuss with people with #ProLife views, we are not defending our identity rather it's something we both can see outside of ourselves and our beliefs are malleable.",-0.9821311235427856,Strongly Negative
41,2022-11-25T16:48:55.000Z,Jamaica,"Haven't taken the COVID-19 vaccine. Will never take the COVID-19 vaccine. 

#prochoice",-0.9937345385551453,Strongly Negative
42,2022-11-25T16:48:25.000Z,"Nevada, USA",#ProChoice #Vote13372024 https://t.co/nCrDnWV7Uf,-0.9917709827423096,Strongly Negative
43,2022-11-25T16:34:59.000Z,"New York, U.S.A.",Jah &amp; Jahes love. I’m thrilled that @maraakil “liked” my comment! She’s beautiful and so famous and talented! Blessed love.#Ayiti #1804 #ToutMounSeMoun #AbolishCPS #DefundFosterCare #ProChoice https://t.co/3KMbkYfQlv,0.9994518160820007,Strongly Positive
44,2022-11-25T16:20:18.000Z,GEORGIA 🍑,"So let me get this straight, Herschel Walker has a gay son he “loves”and has reportedly paid for “2 abortions”,but he is AGAINST LGBTQIA and #ProChoice? I’m not into Hypocrites in the US Senate. I’m all in again for @ReverendWarnock 🍑💙💙.. Tomorrow I Vote again",0.7132140398025513,Positive
45,2022-11-25T15:45:07.000Z,"Palm Springs, CA","Georgia, let’s get out and #vote and take 5 of your friends to the polls and #VoteBlue for Sr. Raphael Warnock on Dec. 6th. 🇺🇸 💙 💚 🥳 💃🕺

#VoteBlue #GenZ #GenX #millennials  #healthcare #womenshealth #SocialSecurity #Senior #seniorcare #Independent #greenenergy #prochoice https://t.co/iAWBeNirDr",-0.9532100558280945,Strongly Negative
46,2022-11-25T15:12:26.000Z,,"Laut Matic-Report des EU-Parlaments (2021) ist ein absolutes Verbot von medizinisch betreuten Abtreibungen eine Form geschlechtsspezifischer Gewalt! /4
#StopptGewaltgegenFrauen 
#ProChoice #mybodymychoice  #16TagegegenGewaltanFrauen #gewaltschutz #gewaltprävention https://t.co/TrrJvVdWO5",-0.9904441237449646,Strongly Negative
47,2022-11-25T15:00:00.000Z,,"Understand the legal framework behind #abortion laws. We break it down in our action guide! 
#abortions #abortionrights #abortionrightsarehumanrights #abortionishealthcare #reproductiverights #mybodymychoice #prochoice #roevswade https://t.co/IT6ePgjpa3",-0.9951596856117249,Strongly Negative
48,2022-11-25T14:16:59.000Z,"Alabama, USA","We are going into 2023 now and Alabama still haven’t sorted out their laws and legislation. 
Pro-choice. 
A women’s body gives her the right to choose what to do with it. 
#prochoice #AbortionRightsAreHumanRights",-0.9715564846992493,Strongly Negative
49,2022-11-25T13:55:02.000Z,Mars,"To kill or not to kill, is the question. #prochoice #abortionrights #Feminism #Republican #Liberals #Conservatives #Federalism #religions 

The system is watching.",-0.9681049585342407,Strongly Negative
50,2022-11-25T12:01:33.000Z,"Lake Charles, LA",The latest Rally for Sanity! https://t.co/JK0bTHjPL8 Thanks to @2011teacher @QSusieQQQ #prochoice #p2,-0.9858677983283997,Strongly Negative
51,2022-11-25T11:33:27.000Z,"Nevada, USA","#SomePeople are such #Oxymorons. On one hand you tell me you are #Spiritual, and on the other you are #ProChoice. Stop lying, mostly to yourself.",-0.9921351671218872,Strongly Negative
52,2022-11-25T10:00:32.000Z,,"Anstatt ungewollt Schwangeren zu suggerieren, sie hätten schlecht verhütet und müssten sich dafür rechtfertigen, sollten wir als Gesellschaft akzeptieren, dass es für heterosexuelle Paare eine enorme Herausforderung ist, 25 Jahre lang nie eine Verhütungspanne zu haben. #prochoice https://t.co/XW1Hbr1sOa",-0.9911527037620544,Strongly Negative
53,2022-11-25T08:11:11.000Z,"Bayern, Deutschland","Die Würde des Menschen... (Art. 1 GG)
Zugehörigkeit zur Spezies Mensch ist unabhängig vom Alter.
Was diskutiert Ihr noch? #prochoice #wegmit218 #wegmit219a",-0.9949766397476196,Strongly Negative
54,2022-11-25T06:55:23.000Z,United States,"BY ANY OTHER NAME

#womensrights #feminism #feminist #womenempowerment #equality #women #humanrights #womensupportingwomen #genderequality #prochoice #girlpower #equalrights #love #intersectionalfeminism #metoo #abortion #blacklivesmatter #femaleempowerment #mybodymychoice https://t.co/5km3nyyQNy",-0.9554247260093689,Strongly Negative
55,2022-11-25T05:33:19.000Z,CA,"Auch heute am Freitag werden in Deutschland wieder rund 275 Kinder getötet.
#prochoice #Ableismus #Misogynie",-0.9966289401054382,Strongly Negative
56,2022-11-25T04:45:01.000Z,"Minden, NV","Republicans are extremists...pass it on.

""It is outrageous that this extreme law is back in effect, just days after being rightfully blocked,"" one advocate said about Georgia's six-week abortion ban. #Georgia #prochoice 

https://t.co/6dCD5MQJhs via @commondreams",-0.9936400055885315,Strongly Negative
57,2022-11-25T04:25:23.000Z,,"Make this make sense; Oklahoma passes strictest anti abortion law making it a felony, but under the same breath passes a law making it legal to run over protestors. Y’all dumb as fk. #prochoice #libertarian",-0.9961466789245605,Strongly Negative
58,2022-11-25T04:03:40.000Z,,Demi wants to give her sims and abortion #prochoice,-0.9863268136978149,Strongly Negative
59,2022-11-25T03:53:10.000Z,,"Get up to 40% off 💰
Symbol of Pride and Infinite Freedom Rainbow Colored Feather https://t.co/jypmaNGtyn 
For only $13 ❤️
#feather #featherwins #rainbow #symbol #pride #freedom #tshirts #birds #HumanRights #civilrights #prochoice #activism #Equality #WomensRights #Xmas #gifts https://t.co/inQMIgpWKz",-0.9790496230125427,Strongly Negative
60,2022-11-25T03:31:01.000Z,,"Get up to 40% off 💰
Pro-Choice. My rights to Choose T-Shirt https://t.co/7p45cnnoFF 
For only $13
#prochoice #Protest #choice #rights #Justice #Equality #feminist #reproductiverights #myright #mychoice #female #Activism #pride #Feminism #socialjustice #CivilRights #HumanRights https://t.co/3QWeShgnNR",-0.99375981092453,Strongly Negative
61,2022-11-25T00:54:46.000Z,,"Anti choicers do not want you to celebrate your abortion or be thankful for it because they want to install shame, stigma, and negativity over a common Healthcare procedure that has benefited billions. They want to misrepresent abortion so it's easier for them to lie. #prochoice",-0.9962714910507202,Strongly Negative
62,2022-11-25T00:52:06.000Z,"Independence, VA","There is absolutely nothing wrong with celebrating abortion!
Nothing wrong with being thankful for your abortion, being happy for your abortion, wanting to celebrate it! Abortion is not a bad thing and isn't a shameful thing that needs to be hidden! #prochoice #ProLife",0.9975505471229553,Strongly Positive
63,2022-11-25T00:30:06.000Z,,"Is your religious congregation angry about the current wave of #abortionbans sweeping our nation? Do you wish you could do more to challenge them? If so, join us!

To learn more and become part of our coalition, visit:
https://t.co/iP1fsbzPlm

#ProChoice #WomenFaithFury https://t.co/LzDV8NFFpL",-0.99716717004776,Strongly Negative
64,2022-11-25T00:15:17.000Z,from the east side of America,"https://t.co/UV55HEbLr2
#abortion #prochoice #prolife",-0.996412456035614,Strongly Negative
65,2022-11-25T00:13:17.000Z,"Calgary, Alberta",#Abortion #MyUterusMyChoice #mybodymychoice #ProChoice #ProLife https://t.co/DyKGiQSbFm,-0.9934186935424805,Strongly Negative
66,2022-11-25T00:01:23.000Z,"Hackensack, NJ","“Of 3.2 million Canadian abortions since 1989, a disproportionate number have been performed on women who vote Conservative” One in five Canadian pregnancies end in abortion and few regret it | Montreal Gazette #prochoice #truth https://t.co/LOtfeHx2zJ",-0.9830557107925415,Strongly Negative
67,2022-11-24T23:41:27.000Z,Arkansas,Mad respect for any woman who’s had an abortion! ￼ #Chuckkohout #chuckdaddy #FLCS #Abortion #ProLife #ProChoice￼ https://t.co/hZuGvXQ4bH,-0.9861423373222351,Strongly Negative
68,2022-11-24T23:09:02.000Z,Arkansas,"#prochoice we must take a page from the founders of this country. We must wage war on those who seek to destroy us. #prolife cannot be allowed to continuously trample on our rights. Armed conflict is the only way. If it means so much to them, they must fight us for it.",-0.9919260144233704,Strongly Negative
69,2022-11-24T23:03:49.000Z,Arkansas,"#prochoice the #prolife groups are going all out to prevent access to abortion pills.  Women will resort to even more dangerous methods. Are we going to stand by  while they wage this war on women? Or will we fight back As our forefathers did, the only way is armed conflict.",-0.9922364354133606,Strongly Negative
70,2022-11-24T22:36:16.000Z,USA,#prochoice #AbortionIsHealthcare #NotUrBiz #womenempowerment #Feminism https://t.co/2r1VZTV93g,-0.99216228723526,Strongly Negative
71,2022-11-24T21:37:29.000Z,,"#Abortion Figured I would raise a debate question:  To the #prochoice crowd, is it morally ok to rape a fetus?",-0.9968871474266052,Strongly Negative
72,2022-11-24T19:21:39.000Z,"Homestead, FL","Roe Your Vote, 10""×10"", Acrylic on Canvas, #RoevemberIsComing #RoeRoeRoeYourVote #RoeVWade #RoeVsWade #ROEvember8 #ReproductiveRights #ArtistOnTwitter #artistoninstagram #ProChoice #VoteBlue #Vote #IStandWithTheWomenofIran  #WomensRights #WomensRightsAreHumanRights https://t.co/mKaYk4JhqW",-0.9945589900016785,Strongly Negative
73,2022-11-24T18:21:08.000Z,"London, UK","Coerced abortion is a terrifying reality 😮

Watch Margaret's talk in full 👉 https://t.co/GvihsnD2VU

#fyp #prolife #prochoice #abortion #womensliberation #womensrights #equality https://t.co/0rJIQW6W5J",-0.9939647316932678,Strongly Negative
74,2022-11-24T18:19:05.000Z,"Frederick, MD","Update: Y'all I'm *20* followers from 1k. I'm a #prochoice #lgbtqia ally #antiracist #feminist who votes blue all the way + *always* follows back! 🙋‍♀️💙🌊🏳️‍🌈🏳️‍⚧️

Can you help me break 1k? Drop an emoji + a ""IFB"" to pick up some followers for yourself.

And also  #HappyThanksgiving",-0.98841792345047,Strongly Negative
75,2022-11-24T18:06:12.000Z,"Vancouver, BC","I read Martha Gellhorn’s “Requiem” in @exilesocial and I’m gutted. It was written sometime before 1936, but not published until now. A short story about illegal abortion, it’s relevancy almost a century later is devastating. #amreading #prochoice #mybodymychoice",-0.9983385801315308,Strongly Negative
76,2022-11-24T17:38:06.000Z,,"Jam to some of our favorite feminism and pro-choice songs on our playlist this Friday and weekend! https://t.co/tVdLtc2J0z
#Abortion #ProChoice #Feminism #Playlist https://t.co/B47mZaPQzU",-0.986415684223175,Strongly Negative
77,2022-11-24T16:55:44.000Z,,"French parliament votes to enshrine #abortion as constitutional right.

The Assemblée Nationale vote was in line with over 80% of the French population, who support the right to abortion.

https://t.co/4MHCRNiciT
#women #womenRights #France #prochoice #AbortionRights",0.9875181317329407,Strongly Positive
78,2022-11-24T15:38:23.000Z,,"Y'all I'm 25 followers from 1k. I'm a #prochoice #lgbtqia ally #antiracist #feminist who votes blue all the way + *always* follows back! 🙋‍♀️💙🌊🏳️‍🌈🏳️‍⚧️

Can you help me break 1k? Drop an emoji + a ""IFB"" to pick up some followers for yourself.

And also  #HappyThanksgiving",-0.9868495464324951,Strongly Negative
79,2022-11-24T15:00:03.000Z,,"Discover stories of women’s abortion experience in our action guide!

#abortion #abortions #abortionrights #abortionisahumanright #abortionrightsarehumanrights #abortionishealthcare #reproductiverights #reproductivejustice #mybodymyrights #mybodymychoice #prochoice https://t.co/MdDB2WjJwn",-0.9646531343460083,Strongly Negative
80,2022-11-24T14:14:44.000Z,,RBG💖🫶🏼✨ #rbg #womenempowerment #WomensRightsAreHumanRights #bodilyautonomy #equality #prochoice https://t.co/pp0iltbtVi,-0.984370231628418,Strongly Negative
81,2022-11-24T13:24:04.000Z,,"Looking for legit seller? Pm me! ✨
#pampalaglag #pamparegla #misoprostol #abortionph #gamotpampalaglag #prochoice",-0.998481810092926,Strongly Negative
82,2022-11-24T13:22:18.000Z,"Jasper, GA",I’m so proud of my son. #parenting #parentingdoneright #LGBTQIA #prochoice #blm https://t.co/SgqKZ26aiG,0.9978659749031067,Strongly Positive
83,2022-11-24T13:04:15.000Z,"Emsland, Niedersachsen",heute vor 5 Jahren #ndsvm #fuenfzigpluseins #prochoice https://t.co/KExlgNtNtv,-0.9974609613418579,Strongly Negative
84,2022-11-24T13:00:44.000Z,,"All bodies are beautiful… and yes that includes yours

s/o @womenofillustration 

 #feminist #feminism #equality #womenempowerment #women #girlpower #love #womensupportingwomen #feminista #feminismo #womensrights #lgbt #woman #metoo #genderequality #prochoice #lgbtq #feministart https://t.co/EJrEMHepCV",0.9811906218528748,Strongly Positive
85,2022-11-24T12:00:02.000Z,California,"No uterus, no opinion https://t.co/66wC8UckhL via @YouTube 

Totes worth sharing. #prochoice #mybodymychoice",-0.9976296424865723,Strongly Negative
86,2022-11-24T08:12:43.000Z,Australia,"Happy Thanksgiving!! Except to those pedophiles in Hollywood, the "" #prochoice or #prosatanic who rip babies apart while alive or starve them to death &amp; any other POScram in the universe. Otherwise #HappyThanksgiving",0.7136508226394653,Positive
87,2022-11-24T07:58:57.000Z,"Abuja, Nigeria","#ProLife
#ProChoice https://t.co/0bkwb8hM4a",-0.9927147030830383,Strongly Negative
88,2022-11-24T06:41:15.000Z,,"I vote for #ProChoice over #ProLife  because the fetus is part of the women's body, but that which ends when the baby is out of the women's body. because women have a right to their own body, just like how men have a right to their own body, its all about gender equality",-0.9829126596450806,Strongly Negative
89,2022-11-24T05:49:36.000Z,,dead men can’t catcall 💀✨ #empoweringwomen #empowerment #prochoice #BansOffOurBodies #EqualityForAll https://t.co/YtyLH1j8yU,-0.979907751083374,Strongly Negative
90,2022-11-24T05:47:41.000Z,,#ElonMusk is all about free speech until someone tweets about being #prochoice in his name… then suddenly… No more free speech/ choices,-0.9973637461662292,Strongly Negative
91,2022-11-24T04:50:08.000Z,Google's Cloud,Causing a spontaneous #abortion in the Bible was only worth a fine. #ProLife #ProChoice https://t.co/yUanwy1QdI,-0.9985100626945496,Strongly Negative
92,2022-11-24T04:09:48.000Z,"York, PA",🤣😅😆😂#BlueCrew #BlueTsunami2022 #BlueWave2022 #BlueWave #DonksFriends #prochoice #MyBodyMyChoice 👍💙🌊👍💙🌊👍💙🌊👍💙🌊 https://t.co/fpapQVNTJl,-0.9925559163093567,Strongly Negative
93,2022-11-24T04:06:07.000Z,,Happy Thanksgiving everyone! 😁#BlueCrew #BlueTsunami2022 #BlueWave2022 #BlueWave #DonksFriends #prochoice #MyBodyMyChoice 👍💙🌊👍💙🌊👍💙🌊👍💙🌊 https://t.co/5Afs3RyQf3,-0.8517873287200928,Strongly Negative
94,2022-11-24T03:17:23.000Z,,Poll for #prochoice people only. When you think of #abortion choose one.,-0.9968423843383789,Strongly Negative
95,2022-11-24T02:34:18.000Z,,"#prochoice #AbortionRightsAreHumanRights 

Check out Dr-Julian Escobar's video! #TikTok https://t.co/TqkzA3KhwJ",-0.9630419611930847,Strongly Negative
96,2022-11-24T01:45:26.000Z,"New York, USA",#Truth #Covfefe #ProLife #DemocratsAreFascists #memes #Politics #Abortion #ProChoice #GodWins https://t.co/wJIosPs2X8,-0.9936409592628479,Strongly Negative
97,2022-11-24T01:14:30.000Z,"New York, USA",Food for thought. #abortion #viability #prochoice #ProLife https://t.co/MkLWwxDIb3,-0.9919106364250183,Strongly Negative
98,2022-11-24T01:00:03.000Z,,"Wondering how to argue against ""my body, my choice""?  Swipe to see the easiest way to defend life.  

#prolife #prochoice #abortion #womenshealth @#reproductiverights #abortionismurder #abortionishealthcare #womensrights https://t.co/hljFS0vH9j",-0.9961249232292175,Strongly Negative
99,2022-11-24T00:56:27.000Z,"Michigan, USA",I wonder how many people follow me that have no idea I'm a pro-choice pansexual independent. Like do I give off different vibes or something? Curious. #prochoice #pansexual #lgbtq,-0.9380506277084351,Strongly Negative
100,2022-11-24T00:01:25.000Z,"Lake Charles, LA",The latest Rally for Sanity! https://t.co/uPDaBzK7KQ Thanks to @PsychicHealerC @InfoGuerrasCL @dierdrelewis #prochoice #p2,-0.9725478887557983,Strongly Negative
101,2022-11-23T23:13:55.000Z,N. California (on Miwok land),Well Twitter must really be broken because they just showed me an anti-abortion ad. 🤬 #ReproductiveRights #ProChoice,-0.998723566532135,Strongly Negative
102,2022-11-23T22:44:02.000Z,,#cheater #Scandal #prochoice Knowledge is power site:Sexual #Revolution is bringing #sexodus https://t.co/ExEG6LNFxg https://t.co/Olw3RFmRRL,-0.9372638463973999,Strongly Negative
103,2022-11-23T20:33:20.000Z,Kokori Forest,"That moment when you change your link in your Instagram bio from https://t.co/YYRNNvR1ZV to your baby registry. 🤣🤣
Still #prochoice as fuck.
#roevwade",-0.9986698627471924,Strongly Negative
104,2022-11-23T19:22:28.000Z,"Orlando, Florida",ANTIFA defenders of Freedom! #BLM #ProChoice #Antifascist #AntiTrump #AntiMAGA https://t.co/Pr7DsUavef,-0.9971017241477966,Strongly Negative
105,2022-11-23T19:22:06.000Z,,"We will never stop fighting for the preborn. Will you join us?
#prolife #prochoice #abortion #TeenProLifers https://t.co/xDGTYViKit",0.8458369970321655,Strongly Positive
106,2022-11-23T19:00:47.000Z,"Belfast, Northern Ireland","Sweater weather incoming! Get one of our cosy pro choice jumpers. 

Designed by artist Nichola Irvine pick up this stigma smashing #AbortionIsNormal message on tote bags, tees and jumpers on our website.
➡️ https://t.co/20DV4PlgsZ 

#ProChoiceMerch #ProChoice https://t.co/tqS6ZxeBMz",-0.9963777661323547,Strongly Negative
107,2022-11-23T19:00:05.000Z,"Independence, Virginia","Is your religious congregation angry about the current wave of #abortionbans sweeping our nation? Do you wish you could do more to challenge them? If so, join us!

To learn more and become part of our coalition, visit:
https://t.co/vIauimRn54

#ProChoice #WomenFaithFury https://t.co/6LRF6Ig02y",-0.9957758784294128,Strongly Negative
108,2022-11-23T18:59:56.000Z,,"Abortion is Healthcare #democrats #prochoice 

This is disgusting. 

https://t.co/MzZ4KpE3Ha",-0.9995610117912292,Strongly Negative
109,2022-11-23T18:50:19.000Z,,"https://t.co/38dDUuEN9O
...
Alumnas en Argentina, (probablemente muy #Sororas, #ProChoice y #Progresistas), intentan envenenar a su profesora, porque les exigió estudiar...
Este es el tipo de noticias que hacen que el silencio de #LasTesis sea ensordecedor...",-0.9856189489364624,Strongly Negative
110,2022-11-23T18:28:13.000Z,,"Abortion bans are evil. 
#prochoice #prolife",-0.9952400922775269,Strongly Negative
111,2022-11-23T18:00:28.000Z,United States,"If you need #abortion care, our centers in CT, NJ, PA, &amp; GA are open and able to help you! Our phone advocates can assist with scheduling, funding, &amp; logistical support. Contact us at: 800-877-6331 or visit https://t.co/IfhE6etK9i #ProChoice #ThisClinicStaysOpen #BansOffMyBody https://t.co/wsokpQVs6P",-0.6054146885871887,Negative
112,2022-11-23T17:31:33.000Z,"Saint James, New York",In the light of the Horrific shooting at the Gay night club… this has to be the dumbest man on earth to say this shit. #rileygaines you should stay in school and ask you classmates how stupid you sound. @HerschelWalker #prochoice #LGBTQ #stopthehate #bluecrew #resisters https://t.co/tHuAwIhIds,-0.9995689988136292,Strongly Negative
113,2022-11-23T16:51:01.000Z,,"Read about the global challenges to #abortionrights in our new #actionguide! 

#abortion #abortions #abortionisahumanright #abortionrightsarehumanrights #abortionishealthcare #reproductiverights #reproductivejustice #mybodymyrights #mybodymychoice #prochoice https://t.co/uiRtZL9WEp",-0.8370422124862671,Strongly Negative
114,2022-11-23T16:41:41.000Z,"New York, U.S.A.",Jah &amp; Jahes love. I missed this crucial moments in his life! Blessed love.#Ayiti #1804 #ToutMounSeMoun #HousingfortheHomelessNow #AbolishCPS #DefundFosterCare #ProChoice #BlackMothers https://t.co/wwOlGb5FFy,-0.9098191261291504,Strongly Negative
115,2022-11-23T15:46:23.000Z,Borneo 🇲🇾,cashier pls give cigarettes box with the distorted fetvs pic on it next time. thx 🙏🏼 #prochoice,-0.9973383545875549,Strongly Negative
116,2022-11-23T15:20:31.000Z,"Ohio, USA","#prochoice
So we icinerate the medical waste from the abortion, just like creamation which is legal Since they consider a fetus is a baby. Legal creamation. Problem solved. Stupid anti abortionists. 
https://t.co/huYvWzOOJb",-0.9996167421340942,Strongly Negative
117,2022-11-23T14:52:43.000Z, 🇺🇲United States  🇨🇦Canada,Done and donner. Best of both worlds: #ProLife #prochoice https://t.co/QLDRhlre1Q,-0.9264563918113708,Strongly Negative
118,2022-11-23T14:32:36.000Z,"Palm Springs, CA","Georgia, let’s get out and #vote and take 5 of your friends to the polls and #VoteBlue for @ReverendWarnock on Dec. 6th. 🇺🇸 💙 💚 🥳 💃🕺

#VoteBlue #GenZ #GenX #millennials  #healthcare #womenshealth #SocialSecurity #SeniorLiving #seniorcare #Independent #greenenergy #prochoice https://t.co/ka2Ky7ruve",-0.9626711010932922,Strongly Negative
119,2022-11-23T14:00:32.000Z,,"Freedom and equity for all women everywhere. 
 
s/o @burcukoleli 

 #feminist #feminism #equality #womenempowerment #women #girlpower #love #womensupportingwomen #feminista #feminismo #womensrights #lgbt #woman #metoo #genderequality #prochoice #lgbtq #feministart #humanrights https://t.co/SrZEnm7MYf",-0.9365133047103882,Strongly Negative
120,2022-11-23T13:31:32.000Z,To the left. ,"I dedicate this link to every man who has tweeted that women should “stop being whores” if they’re worried about getting pregnant. #ProChoice #ProBirthControl #AntiSTI 

https://t.co/zOrv2fh9iL",-0.9951109290122986,Strongly Negative
121,2022-11-23T11:20:35.000Z,"Genoa, Liguria","𝐂𝐨𝐧 𝐥𝐚 𝐜𝐡𝐢𝐮𝐬𝐮𝐫𝐚 𝐝𝐢 𝐚𝐥𝐜𝐮𝐧𝐢 𝐜𝐞𝐧𝐭𝐫𝐢 𝐧𝐚𝐬𝐜𝐢𝐭𝐞 𝐯𝐢𝐞𝐧𝐞 𝐦𝐞𝐧𝐨 𝐚𝐧𝐜𝐡𝐞 𝐢𝐥 𝐝𝐢𝐫𝐢𝐭𝐭𝐨 𝐚𝐥𝐥’𝐚𝐛𝐨𝐫𝐭𝐨
#sanità #IVG #RU486 #prochoice #unaRegionedaCondividere #lineacondivisa
https://t.co/gU8dGhATZp https://t.co/Ynd8Ea83gQ",-0.9932388067245483,Strongly Negative
122,2022-11-23T10:09:46.000Z,,#prolife or #prochoice? https://t.co/kEctX8kFeb,-0.9972273707389832,Strongly Negative
123,2022-11-23T10:00:01.000Z,,In #DE ist ein #Schwangerschaftsabbruch bis zur 14. SSW auf Wunsch der ungewollt schwangeren Person möglich. Dafür benötigt man einen #Beratungsschein einer #Schwangerschaftskonfliktberatung . Dort soll ergebnisoffen über alle Möglichkeiten beraten werden. #prochoice #abortion https://t.co/vNoNU4QEdV,-0.9957263469696045,Strongly Negative
124,2022-11-23T08:39:07.000Z,"Niagara Falls, Ontario",Some pretty good #prochoice signs. https://t.co/YXBXvLJegA,0.9982649683952332,Strongly Positive
125,2022-11-23T08:37:45.000Z,WNY,"They can come for me all they want.

I may be exhausted, but I am undaunted.

#ProChoice 
#ProAbortion
#ProTubalLigation",-0.9900376796722412,Strongly Negative
126,2022-11-23T08:23:53.000Z,"England, United Kingdom","It’s very interesting how many forced birth folk think pregnancy/children are burdens, consequences, punishments and other. Ironic huh 

#prochoice #abortionrights",0.8909164071083069,Strongly Positive
127,2022-11-23T08:05:32.000Z,Australia,"""I’m here to present one of the key take-aways I left with after this event – the differences in attitudes &amp; actions between #prolifers and #prochoicers.""
https://t.co/FIN6XXh3XV
#wapol #prolife #prochoice #abortion #bioethics #ausnews #auspol #auspol2022 #righttolife #chooselife",-0.9678241610527039,Strongly Negative
128,2022-11-23T08:00:00.000Z,,"Abortion pills are a safe and effective way to end an early pregnancy. However, like any medical procedure, there are health risks associated with abortion pills. Click on the link below to learn more.
https://t.co/qY7CO58YFn

#abortion #pills #prolife #drugs #prochoice #trump https://t.co/jNTS6jjgVA",-0.9794384241104126,Strongly Negative
129,2022-11-23T07:59:09.000Z,Malta,"Story 59 – 19.11.2022

Read it here: https://t.co/l3CWZkfhmQ

#breakthetabooMalta #StopTheStigma #ShoutYourAbortion #YouKnowMe #ImALife #ProChoice #TrustWomen #AbortionIsHealthcare #Malta https://t.co/pkSyASkECK",-0.9935888051986694,Strongly Negative
130,2022-11-23T07:35:41.000Z,"3rd rock, NA, USA, KY, KBWG","🤦 Can't make this💩 up🤦‍♂️
Modern carpet baggers from #Florida &amp; #SouthCarolina descend on #Georga to sell you on their, brain damaged
..👹#ProChoice 4 me👹..
👹 Not 4 you candidate👹
‼️ #WakeTheFup🐑ple ‼️
..😱 #EndTheInsanity  😱
🌊🌊 #VoteBlue 🌊🌊
🌊 #VoteForWarnock 🌊 https://t.co/yfMzBzQoZD",-0.9984745383262634,Strongly Negative
131,2022-11-23T06:51:06.000Z,,the patriarchy blows 🫧 #thepatriarchyblws #fuckthepatriarchy #prochoice #AbortionIsHealthcare #abortionrights #EqualityForAll https://t.co/5wUl3qUIoe,-0.9974115490913391,Strongly Negative
132,2022-11-23T05:33:53.000Z,"Bayern, Deutschland","Auch heute am Mittwoch werden in Deutschland wieder rund 275 Kinder getötet.
#prochoice #Ableismus #Misogynie",-0.9965441823005676,Strongly Negative
133,2022-11-23T05:11:26.000Z,"Pittsburgh, PA",#HumanLife #Concepcion #ProLife #ProChoice #LifeBegins https://t.co/7igGaylcRH,-0.9878267645835876,Strongly Negative
134,2022-11-23T04:32:26.000Z,,#Lawyers are #Filing #APetition in #25Days to #GetSignatures to #Amendment to be #ProChoice #PleaseSignIt #ItsRightToPrivacy,-0.9953451752662659,Strongly Negative
135,2022-11-23T02:30:24.000Z,,"This is the face of a 20-week-old, unborn child, almost halfway to being born. Not a seed, glob or a fetus.... but a little human being. A miracle created by God and a person made in His image. Wow! LIFE! God’s Greatest Creation!
#abortionshoulbeillegal 
#prochoice  #prolife https://t.co/WyUMA7U9lh",0.9987887740135193,Strongly Positive
136,2022-11-23T02:19:26.000Z,,"Symbol of Pride and Infinite Freedom Rainbow Colored Feather
https://t.co/9Ra5LTE1pd 

#feather #featherwins #rainbow #symbol #pride #freedom #tshirts #birds #HumanRights #civilrights #prochoice #activism #Equality #WomensRights #lovelive #redbubble #myrulesmylife #justice https://t.co/9IVBFmIFcV",-0.9356310367584229,Strongly Negative
137,2022-11-23T01:57:09.000Z,Canada,A reminder to the #ProChoice crowd: https://t.co/8alM0Mo6o3,0.9298058748245239,Strongly Positive
138,2022-11-23T01:47:32.000Z,HADES,"Those of you screaming #ProLife have never been stuck in a public restroom witnessing one young woman trying to manage 6 doorstep Rugrats while hearing one say, ""Mom we didn't even wash our hands"" 🤮 as they walked out into the store. 🤦🏽‍♀️
#ProChoice",-0.980523407459259,Strongly Negative
139,2022-11-23T00:30:03.000Z,"Independence, VA","Is your religious congregation angry about the current wave of #abortionbans sweeping our nation? Do you wish you could do more to challenge them? If so, join us!

To learn more and become part of our coalition, visit:
https://t.co/AH7IgkX1UK

#ProChoice #WomenFaithFury https://t.co/hRrUJdlxZt",-0.9969093203544617,Strongly Negative
140,2022-11-23T00:19:30.000Z,,"#prochoice
Check out Lauren P CRNA's video! #TikTok https://t.co/GdEDGLGLAg",-0.9613676071166992,Strongly Negative
141,2022-11-23T00:16:35.000Z,,#Bernie2020 #prochoice #GunControlNow https://t.co/qHD6FUacOr,-0.9970368146896362,Strongly Negative
142,2022-11-23T00:01:25.000Z,"Lake Charles, LA",The latest Rally for Sanity! https://t.co/3yQjlAtH8e Thanks to @camethedawnxp #prochoice #p2,-0.9863182306289673,Strongly Negative
143,2022-11-22T23:49:20.000Z,"New Jersey, USA",#VoteForWarnock #WomensRights #prochoice #SaveOurRights #HershelWalker #GOPFascists https://t.co/ojXRxE6BF6,-0.9923434853553772,Strongly Negative
144,2022-11-22T23:04:12.000Z,,#Humanist #freethinker #autistic #AntiTrump #guncontrol #resist #prochoice #provax https://t.co/0sujcGMdcS,-0.996268093585968,Strongly Negative
145,2022-11-22T22:53:56.000Z,,#BlueCrew #ProChoice https://t.co/kOkbZG4p0x,-0.9968112111091614,Strongly Negative
146,2022-11-22T22:21:44.000Z,,#ProChoice #EqualRights https://t.co/BdjKjsQDG1,-0.9891356229782104,Strongly Negative
147,2022-11-22T21:52:01.000Z,,"#women #ProLife #ProChoice
https://t.co/g1kil84U75",-0.9900544881820679,Strongly Negative
148,2022-11-22T20:18:43.000Z,🇵🇹,"It's ok to be woke.

#prochoice #LGBTQRights #pride
#loveislove #VaccinesWork #GunControlNow #stopthepropaganda #stopburninfbooks #ClimateAction",0.9891687631607056,Strongly Positive
149,2022-11-22T19:47:24.000Z,In God's Hands ,"Don'tlisten 2 #prochoice folk when they say the unborn are just a clumpofcells. God’s creations r unique.
Live Action:Thesepowerful photos of a mom's 10week miscarried twins showhow preborn #children are so much more than ""pregnancy tissue."" Readmore here: https://t.co/2CjsY2lQYt",0.993129312992096,Strongly Positive
150,2022-11-22T18:28:04.000Z,,#prochoice #RoeVWade 2020 it’s not a scandal and 3 weeks doesn’t look the same. https://t.co/7FokDoeSan,-0.9949005246162415,Strongly Negative
151,2022-11-22T16:56:07.000Z,"Atlanta, GA","A father neglects a child he's a deadbeat, however if a mother aborts a child then she's pro-choice. #TheySwoopedOnYou #prochoice #AbortionRightsAreHumanRights #abortionishealthcare #abortionrights",-0.9862175583839417,Strongly Negative
152,2022-11-22T16:20:09.000Z,"Lake Charles, LA",#Abortion #ProLife #ProChoice #RoeVWade https://t.co/DLZG2cctzc,-0.9974644184112549,Strongly Negative
153,2022-11-22T15:07:55.000Z,"Arizona, USA","Great news!!  #prochoice #abortionwithoutborders 

Since Dobbs, Pro-Life Laws Have Already Saved 10,000 Unborn Lives And Counting https://t.co/tYaBH85h2R",0.9901155233383179,Strongly Positive
154,2022-11-22T14:00:01.000Z,,"Learn the key definitions and terminologies surrounding #abortionrights in our new action guide! 

#abortion #abortions #abortionisahumanright #abortionrightsarehumanrights #abortionishealthcare #reproductiverights #reproductivejustice #mybodymyrights #mybodymychoice #prochoice https://t.co/qxNX139j7t",-0.9787324070930481,Strongly Negative
155,2022-11-22T12:42:39.000Z,"Harrogate, England",As #GenX campaigning to restrict demos to those born roughly between 1963-76 for about 15 years while the #babyboomer bulge dissipates I believe #generational revolution may invert #feminism from #prochoice to #prolife using new technology. As a man I can hint how but not define.,-0.9862814545631409,Strongly Negative
156,2022-11-22T12:01:31.000Z,"Lake Charles, LA",The latest Rally for Sanity! https://t.co/DH4TRRigZZ Thanks to @rthepower_ #prochoice #p2,-0.9689998030662537,Strongly Negative
157,2022-11-22T10:20:10.000Z,,". @tedcruz 59 years ago today YOUR FATHER ASSASINATED JFK …according to FAT ORANGE JESUS @realDonaldTrump .
.
.
.
#maga #TrumpTrain #kag2024 #trump #merica #trumpet   #trumpriot #desantis #maralago #stopthesteal #pennsylvania #arizona #maricopa #georgia #prochoice #roevwade",-0.9933104515075684,Strongly Negative
158,2022-11-22T09:37:41.000Z,"Seattle, WA","#prochoice #RoeVWade #godswill
#God #abortionrights https://t.co/4a8wpne5SY",-0.9962498545646667,Strongly Negative
159,2022-11-22T08:18:17.000Z,"Michiana, MI",#prochoice https://t.co/5nDjvIRgQX,-0.9950726628303528,Strongly Negative
160,2022-11-22T07:16:25.000Z,"CT, USA",#ProChoice https://t.co/gV2lkc1hK9,-0.9960048794746399,Strongly Negative
161,2022-11-22T06:50:28.000Z,"Charleston, SC USA","Awwww, Thanks 🗣💥Dale #VoteBlueToday #ProChoice #MeidasMighty for the follow!",-0.5196853280067444,Negative
162,2022-11-22T04:59:24.000Z,Pac NW,"This is happening due to vague abortion ban laws which no one can define, and Drs. are in fear of being arrested.
https://t.co/80jW15Kthe
#abortion #roevwade #AbortionIsHealthcare #prochoice #abortionrightsarehumanrights 
#codifyroe #codifyroevwade",-0.9980720281600952,Strongly Negative
163,2022-11-22T04:56:57.000Z,"Tennessee, USA","“And now, apparently, even the capacity for pregnancy is a crime in Etowah.""
#abortion #roevwade #AbortionIsHealthcare #prochoice #abortionrightsarehumanrights 
#codifyroe #codifyroevwade
https://t.co/whNp93KAax",-0.996868908405304,Strongly Negative
164,2022-11-22T03:55:05.000Z,Kitchener,"Parents welcome twins from embryos frozen 30 yrs. ago although they are ""Bible Thumping"" anti-abortion they actually proved that an embryo is not a living, Oxygenated, Nourished Life, a living human can't be frozen for 30 yrs. &amp; thawed out. #prochoice

https://t.co/Csde7zRAM4",-0.9806070327758789,Strongly Negative
165,2022-11-22T02:40:02.000Z,,Just a reminder #prochoice is anti western and pro wokeism,-0.994674563407898,Strongly Negative
166,2022-11-22T01:42:12.000Z,According to God's Plan,women should have the right to bodily autonomy! 💖🫶🏼✨ #notyouruterus #prochoice  #abortion #AbortionRightsAreHumanRights #BansOffOurBodies,-0.9970064759254456,Strongly Negative
167,2022-11-22T00:59:22.000Z,According to God's Plan,"If you believe killing entirely innocent human beings is wrong and you support #abortion, you're inconsistent in logic.

#prolife #prochoice",-0.9988553524017334,Strongly Negative
168,2022-11-22T00:47:10.000Z,"York, PA",I'm hoping this reaches everyone sorry if you followed me and it took awhile to get back works been really busy it wasn't on purpose..if I missed you please let me know 😊 #BlueCrew #BlueTsunami2022 #BlueWave2022 #BlueWave #DonksFriends #prochoice #MyBodyMyChoice 👍💙🌊👍💙🌊,-0.9995841383934021,Strongly Negative
169,2022-11-22T00:32:02.000Z,,#cheater #Scandal #prochoice Knowledge is power site:Sexual #Revolution is bringing #sexodus https://t.co/ExEG6Lw4FI https://t.co/Olw3RF5h0d,-0.9206842184066772,Strongly Negative
170,2022-11-22T00:02:29.000Z,"Ontario, Canada","🙌🏼💯 #ProChoice Stay lifted, stay positive, stay safe!! #TrudeauNationalDisgrace #Mmemberville #CannabisCommunity https://t.co/3fOjH11s23",-0.9786004424095154,Strongly Negative
171,2022-11-22T00:01:29.000Z,"Lake Charles, LA",The latest Rally for Sanity! https://t.co/KfTB1ofRHA Thanks to @TerrellDLewis @CRechte @bazblackadder #prochoice #p2,-0.8423731327056885,Strongly Negative
