,timestamp,location,text,sentiment_score,sentiment
0,2022-11-26T16:11:16.000Z,,"Another 2 client's paid their meds tonight 💯 Thank tou for trusting Conny Chuwa!!!!

Pm for Consultation!

#pampalaglag #pamparegla #gamotpampalaglag #pampalaglagngbata #pampalaglagsabuntis #cytotec #misoprostol200mg #safeabortion https://t.co/eXPXmz9Ded",-0.9915603995323181,Strongly Negative
1,2022-11-26T15:11:24.000Z,USA,"Across the globe 40% of women of childbearing age live in countries with highly restrictive abortion laws, or where abortion is legal, neither available nor accessible. 
.
Read more👉https://t.co/rz5UX61dRe 
.
#lgbtq #safeabortion #babies #blacklivesmatter #politics #women https://t.co/FmZLF0nr0I",-0.9946447610855103,Strongly Negative
2,2022-11-26T13:08:18.000Z,,"We're on day 2 of the 16 Days of Activism Against Gender-Based Violence. Another way to reduce gender-based violence is to create a space and community willing to educate the general populace on sexual reproductive rights and destigmatize abortion.
#Abortion #SafeAbortion #16Days https://t.co/YJTzHJ9NPH",0.9833184480667114,Strongly Positive
3,2022-11-25T19:02:22.000Z,,"Let’s unite these next 16 days and raise awareness against gender-based violence!

#16DaysOfActivism #GenderBasedViolence #SafeAbortion #Abortion #25N https://t.co/vswNNGOd7v",-0.6338350772857666,Negative
4,2022-11-25T15:24:05.000Z,,"To kick off the 16 Days of Activism Against Gender-Based Violence, we'll be talking about access to safe abortion services for survivors. Check out our blog for more information about this topic. https://t.co/9kPsI2yXDP

#Abortion #SafeAbortion #16Days #16DaysOfActivisim #25N https://t.co/ETOPSsXF8H",-0.9527468085289001,Strongly Negative
5,2022-11-25T15:00:34.000Z,,"Over the last 25 years, more than 50 countries have changed their laws to allow for greater access to abortion
.
Read more👉https://t.co/XmXxhCGGqo 
.
#lgbtq #safeabortion #babies #blacklivesmatter #politics #women #lovethemboth #lgbt #righttolife #prochoiceisprolife #maga #blm https://t.co/QwwGDQTt0b",-0.982293426990509,Strongly Negative
6,2022-11-25T11:17:53.000Z,,"Today is day 1 of the 16 Days of Activism Against Gender-Based Violence, and our first way to reduce gender-based violence is to provide access to safe abortion to everyone.

#16DaysOfActivism #Abortion #SafeAbortion #AbortionRights https://t.co/eSnRloKMIk",0.787326455116272,Strongly Positive
7,2022-11-25T08:08:31.000Z,,"Proof of payment 💊 Thank you for trusting Conny Chuwa and the whole TEAM ZEIN ✨

DM for inquiries

#pampalaglag #pamparegla #safeabortion #abortionclinic #abortiondubai #pampalaglagsabuntis #pampalaglag1month https://t.co/kj5sdEPX3S",-0.9857543706893921,Strongly Negative
8,2022-11-25T07:42:56.000Z,,"Success client feedback from TEAM ZEIN✨ super legit guided kapa!

For inquiries! Needed meds for unwanted pregnancy? Pm now!

#pampalaglag #abortionpills #safeabortion #abortion #misoprostol200mg https://t.co/C9pwQdoTZ8",0.6842511296272278,Positive
9,2022-11-25T07:14:34.000Z,,"Success client feedback from TEAM ZEIN ✨thank you for trusting Conny Chuwa 💊

GUIDED TILL SUCCESS
Pm for inquiries

#gamotpampalaglag #pampalaglag #pamparegla #abortionpills #safeabortion #abortionclinic #pampalaglagsabuntis https://t.co/IxwRaQX71X",0.8871456384658813,Strongly Positive
10,2022-11-24T22:42:39.000Z,,"RT @kristinahaenel@hessen.social
Für eine medizinhistorische Arbeit suche ich nach Dokumenten, Berichten, Akten etc. über Schwangerschaftsabbrüche in Deutschland zwischen 1900 und 1950. #safeabortion #seifenabort
https://t.co/H3ywaEXFVo",-0.9758303761482239,Strongly Negative
11,2022-11-24T15:13:21.000Z,USA,"They estimate that 25 million unsafe abortions take place each year, the vast majority of them in developing countries.
.
Read more👉https://t.co/iTdqYV11wJ 
.
#lgbtq #safeabortion #babies #blacklivesmatter #politics #women #lovethemboth #lgbt #righttolife #prochoiceisprolife https://t.co/0WbXDCAdBj",-0.9922601580619812,Strongly Negative
12,2022-11-24T13:53:21.000Z,,"Received meds! Salamat sa tiwala sa TEAM ZEIN💯 

pm me now for Inquiries

#pampalaglag #gamotpampalaglag #abortionpills #safeabortion #abortionclinic https://t.co/4FJVNFOnXs",-0.9967477321624756,Strongly Negative
13,2022-11-24T06:22:36.000Z,Kathmandu,"Just published! Medical abortion drug dispensing practices among private pharmacy workers in Nepal: A
mystery client study @Aanil_sigdel @khanalpratik @PSIimpact @PLOS  https://t.co/dprEsC4Omw | #pharmacy #nepal #safeabortion https://t.co/beX3s2sgvi",-0.9945828318595886,Strongly Negative
14,2022-11-24T06:01:01.000Z,,"Another successful client 3months!
GUIDED during procedure!
Pm for Inquiries

#pampalaglag #gamotpampalaglag #abortionpills #safeabortion #abortionclinic #safepills #pampalaglagngbata #pamparegla #FIFAWorldCup #thiccsgiving #chucky #wednesdaynetflix https://t.co/MQr5j3D3pj",-0.9771580696105957,Strongly Negative
15,2022-11-24T05:19:46.000Z,,"Success client ✨ 
✔️SAFE&amp; EFFECTIVE 
✔️ PROVEN &amp; TESTED
✔️GUIDED TILL SUCCESS 
✔️NO RASPA NEEDED

pm for inquiries

#pampalaglag #gamotpampalaglag #safeabortion #pamparegla #bajwa_traitor #FIFAWorldCup #الدولار https://t.co/VKW27U7C5d",-0.924446702003479,Strongly Negative
16,2022-11-24T05:08:53.000Z,,"Feedback of success client ✨
GUIDED TILL SUCCESS! AUTHENTIC MEDS💖

PM FOR INQUIRIES

#Pampalaglag #gamotpampalaglag #pamparegl #abortionpills #safeabortion #gamotpampalaglagngbata #pampalaglagpills https://t.co/AkMwpRRTaJ",-0.9412243962287903,Strongly Negative
17,2022-11-24T02:19:18.000Z,,"Package sent to Client in Lipa, Batangas

For fast reply on inquiries Call or Text 09615018016

Facebook Account:
https://t.co/pqZzDa6byB…

#misoprostol #AbortionIsHealthcare #AbortionRights #cytotec #unwantedpregnancy #safeabortion #mifepristone #pamparegla #pampalaglag https://t.co/JFdwwj8n7c",-0.9950385689735413,Strongly Negative
18,2022-11-23T17:12:07.000Z,,"Our medical providers course is available in multiple languages and comes with a free downloadable certificate endorsed by @FIGOHQ. 
Click on the link to enrol now!
https://t.co/rNO69MvNEy

#Abortion #SafeAbortion #MedicalAbortion https://t.co/unaiL4ULf6",-0.9882412552833557,Strongly Negative
19,2022-11-23T15:00:01.000Z,,"It (Abortion)should not be seen as a privilege or as a benefit, but a fundamental human right.” ― Faye Wattleton

Read more👉 https://t.co/YK4LxzKrAy 
.
#lgbtq #safeabortion #babies #blacklivesmatter #politics #women #lovethemboth #lgbt #righttolife #prochoiceisprolife #maga #blm https://t.co/Fnh3z0ic6W",-0.9916519522666931,Strongly Negative
20,2022-11-23T06:19:09.000Z,Asia,"Dr Dalvie demonstrating to participants how a Manual Vaccum Aspiration (MVA) works for terminating an unwanted pregnancy. 
#safeabortion
#AbortionRightsAreHumanRights #AbortionIsHealthcare #MVA #abortionwithoutborders https://t.co/op9laTSDhL",-0.9914405345916748,Strongly Negative
21,2022-11-22T18:01:00.000Z,Global,"Want to learn about FIGO's Advocating for #SafeAbortion Project? ✊

Read our compendium with insights from member societies in Africa &amp; Latin America on the role of doctors as advocates to improve access to safe abortion. #AbortionIsHealthcare

➡️ https://t.co/GhderBhKxF https://t.co/KPAHeFN26P",0.9919447302818298,Strongly Positive
22,2022-11-22T17:19:33.000Z,,"Proof of onhand meds! Super legit mga momsh! Pm langggg

#pampalaglag #pamparegla #gamotpampalaglag #pampalaglagpills #safepills #safeabortion #abortionpills #pampalaglagsabuntis https://t.co/ptnyC83uT2",-0.9968385696411133,Strongly Negative
23,2022-11-22T15:00:00.000Z,USA,"When undertaken by a trained healthcare provider in sanitary conditions, abortions are one of the safest medical procedures available, safer even than childbirth.
.
Read more👉 https://t.co/BslkmU19he  
.
#lgbtq #safeabortion #babies #blacklivesmatter #politics #women https://t.co/5pkIspJVuV",0.8310995101928711,Strongly Positive
24,2022-11-22T10:09:18.000Z,South Africa,"#abortionpills #safeabortionpills  #painfreeabortionpills #Germiston #Durban #SouthAfrican #EastLondon #Menlyn #sliverlakes #Johannesburg #rustenburg #SouthAfrican #Sandton #Midrand #Centurion #SafeAbortion #Pretoria Abortion Place, Free Abortion Clinics #Botswana #Namibia https://t.co/OPlkne8XVv",-0.9841133952140808,Strongly Negative
25,2022-11-22T10:08:55.000Z,South Africa,"#abortionpills #safeabortionpills  #painfreeabortionpills #Germiston #Durban #SouthAfrican #EastLondon #Menlyn #sliverlakes #Johannesburg #rustenburg #SouthAfrican #Sandton #Midrand #Centurion #SafeAbortion #Pretoria Abortion Place, Free Abortion Clinics #Botswana #Namibia https://t.co/7cTb0nofep",-0.9846140146255493,Strongly Negative
26,2022-11-22T10:08:29.000Z,South Africa,"#abortionpills #safeabortionpills  #painfreeabortionpills #Germiston #Durban #SouthAfrican #EastLondon #Menlyn #sliverlakes #Johannesburg #rustenburg #SouthAfrican #Sandton #Midrand #Centurion #SafeAbortion #Pretoria Abortion Place, Free Abortion Clinics #Botswana #Namibia https://t.co/8DFcRM2Lto",-0.98651123046875,Strongly Negative
27,2022-11-22T10:05:59.000Z,South Africa,"#abortionpills #safeabortionpills  #painfreeabortionpills #Germiston #Durban #SouthAfrican #EastLondon #Menlyn #sliverlakes #Johannesburg #rustenburg #SouthAfrican #Sandton #Midrand #Centurion #SafeAbortion #Pretoria Abortion Place, Free Abortion Clinics #Botswana #Namibia https://t.co/guVe8k6AYU",-0.9835651516914368,Strongly Negative
28,2022-11-22T04:58:26.000Z,South Africa,"Starting day 2 by understanding how our reproductive system works and clarifying concepts around menstruation, contraception and pregnancy with Dr Suchitra Dalvie. 

#srhr #ASAPYAI2022 
#womenshealth #safeabortion #workshop #WomenLifeFreedom #Feminism https://t.co/jTu3KcI5lZ",0.9408549070358276,Strongly Positive
