,timestamp,location,text,sentiment_score,sentiment
0,2022-11-26T22:29:31.000Z,Currently Dallas area,"Antiabortionist in red states think they have won. Nope.
#abortionrights #RoeVWade #abortionishealthcare https://t.co/j1X5yyfBgJ",-0.9962085485458374,Strongly Negative
1,2022-11-26T22:26:58.000Z,"Philadelphia, PA",This is a fair question.  Leave women alone… this isn’t Iran. It’s America. #womensrights #abortionIShealthcare #abortionisnoneofYourBusiness https://t.co/8ys9MmEh0g,-0.9843609929084778,Strongly Negative
2,2022-11-26T21:16:44.000Z,United Kingdom,#AbortionIsHealthcare,-0.9685888290405273,Strongly Negative
3,2022-11-26T20:18:49.000Z,"Texas, USA",#abortionishealthcare #abortionrightsarehumanrights https://t.co/lDm2KjaTwf,-0.9955105781555176,Strongly Negative
4,2022-11-26T19:12:07.000Z,"Washington, D.C.","The Political Ad Women Had Been Waiting For (Video)

Katie Darling speaks about LA's abortion ban and the lack of support it gives poor pregnant women while showing actual footage of her going thru labor

https://t.co/SL3zIbjVAM

#abortionrights #abortionishealthcare
#healthcare",-0.9982692003250122,Strongly Negative
5,2022-11-26T18:59:10.000Z,#TrumpIsALaughingStock,"Don't let them distract you today! 💙RT for GA💙

https://t.co/6iqD5ihEZN

#WarnockForGeorgia
#WarnockforSenate
#Georgia
#GeorgiaRunoff
#VoteWarnockForGeorgia 
#GenZ 
#DemocratsDeliver
#democratsaredelivering
#StrongerTogether
#ExpandTheCourt
#CodifyRoe 
#abortionishealthcare",-0.99086993932724,Strongly Negative
6,2022-11-26T18:31:03.000Z,"Minnesota, USA",Our reasons for supporting abortion are personal and powerful. Abortion is healthcare. Abortion is essential. Share your story or why you support abortion in the comments or at https://t.co/xx5ncqUrFB! #AbortionisHealthcare #AbortionisEssential https://t.co/pAMLBmo1UI,0.9959415793418884,Strongly Positive
7,2022-11-26T18:06:27.000Z,,"Success client✨

1mos rotec! Congrats and condolence for interested just dm me directly on my fb acc: https://t.co/AOaX4S8cw0
https://t.co/iDoTjo1zcX

#pampalaglag #abortionpills #rotec #misoprostol #abortionph
#AbortionIsHealthcare #internationalabortion #ofw https://t.co/EQqLQgrVbR",-0.8740318417549133,Strongly Negative
8,2022-11-26T17:21:31.000Z,"Chicago, IL","New stuff is here, just in time for #SmallBusinessSaturday ! #AbortionIsHealthcare and #FuckCapitalism beanies are now available! https://t.co/lzkOTCWQDp",-0.992398202419281,Strongly Negative
9,2022-11-26T16:58:15.000Z,,"No uterus, no opinion https://t.co/w9o7OiQHbq via @YouTube 
#abortionrights #abortionrightsarehumanrights #abortionishealthcare #WomensRightsAreHumanRights #womenshealth #prochoice #mindyourbusiness",-0.9966842532157898,Strongly Negative
10,2022-11-26T16:27:46.000Z,,"Zara starts today https://t.co/AWL8mHSu6l
#LGBT #AOC #democracy #bluewave2022 #Socialism2021 #model #AbortionIsEssential #TransAwarenessWeek #antifascist #Chicago #Hiring #HIRINGNOW #DemocracyNotAutocracy  #AbortionIsHealthcare #Communist #communismwork
#Ukraine #UkraineWar https://t.co/lbFpyeXxeC",-0.9869163036346436,Strongly Negative
11,2022-11-26T16:24:51.000Z,,"Tourist 6 tday Saturday https://t.co/KJBVeYfz5E
#LGBT #AOC #democracy #bluewave2022 #Socialism2021 #model #AbortionIsEssential #TransAwarenessWeek #antifascist #Chicago #Hiring #HIRINGNOW #DemocracyNotAutocracy  #AbortionIsHealthcare #Communist #communismwork
#Ukraine #UkraineWar https://t.co/3AlDtxo0Dn",-0.9913983345031738,Strongly Negative
12,2022-11-26T16:24:00.000Z,,"Bogna today Saturday https://t.co/peMrGBTyDG
#LGBT #AOC #democracy #bluewave2022 #Socialism2021 #model #AbortionIsEssential #TransAwarenessWeek #antifascist #Chicago #Hiring #HIRINGNOW #DemocracyNotAutocracy  #AbortionIsHealthcare #Communist #communismwork
#Ukraine #UkraineWar https://t.co/Xfp7yUaN0p",-0.9901441335678101,Strongly Negative
13,2022-11-26T16:23:11.000Z,,"Emilia today Saturday https://t.co/EWGKP1VUGf
#LGBT #AOC #democracy #bluewave2022 #Socialism2021 #model #AbortionIsEssential #TransAwarenessWeek #antifascist #Chicago #Hiring #HIRINGNOW #DemocracyNotAutocracy  #AbortionIsHealthcare #Communist #communismwork
#Ukraine #UkraineWar https://t.co/QoVOCjV7G4",-0.9851983189582825,Strongly Negative
14,2022-11-26T16:22:15.000Z,,"Tourist 5 tday Saturday https://t.co/zjSxBDgX3t
#LGBT #AOC #democracy #bluewave2022 #Socialism2021 #model #AbortionIsEssential #TransAwarenessWeek #antifascist #Chicago #Hiring #HIRINGNOW #DemocracyNotAutocracy  #AbortionIsHealthcare #Communist #communismwork
#Ukraine #UkraineWar https://t.co/p0aHtxGibE",-0.9921914935112,Strongly Negative
15,2022-11-26T16:13:34.000Z,,"Proof of payment✨

Unplanned/Unwanted Pregnancy?
Graduating? Raped? 
Need help? I got you just message me thru:
Fb:https://t.co/j5mAH1tI8c
Viber\telegram: 09923119073

#pampalaglag #abortionpills #rotec #misoprostol #abortionph
#AbortionIsHealthcare #internationalabortion https://t.co/nxFXzsNUBD",-0.998504638671875,Strongly Negative
16,2022-11-26T16:12:43.000Z,,"Success client✨

6 months rotec! Congrats and condolence for interested just dm me directly on my fb acc: https://t.co/AOaX4S8cw0
https://t.co/iDoTjo1zcX

#pampalaglag #abortionpills #rotec #misoprostol #abortionph
#AbortionIsHealthcare #internationalabortion #ofw https://t.co/Fe909AAYjz",-0.9257840514183044,Strongly Negative
17,2022-11-26T15:41:36.000Z,,"Learn about #abortion advocacy campaigns and initiatives in our new #actionguide! Link in bio!

#abortions #abortionrightsarehumanrights #abortionishealthcare #reproductiverights #mybodymychoice #prochoice #roevswade https://t.co/IORltiljvE",-0.9806453585624695,Strongly Negative
18,2022-11-26T15:12:45.000Z,,#pampalaglag #abortion #AbortionRightsAreHumanRights #AbortionIsHealthcare #pampalaglagngbata #gamotpampalaglag #legitsellerpampalaglag #unwantedpregnancy #international #rotec #cytotec #cytotecoriginal,-0.996991753578186,Strongly Negative
19,2022-11-26T14:54:11.000Z,The Cession,"For the future America needs #FreeHealthCare for every han being within our borders

#abortionishealthcare",-0.9752786755561829,Strongly Negative
20,2022-11-26T14:54:10.000Z,,Listen Up GOP: Abortion Cost the Party the Expected Red Wave https://t.co/EzW6RWkKhR via @cjujitsu #GOP #Republicans #redwave2022 #Midterms2022 #MidTerms #Election2022 #ElectionDay #election #Abortion #abortionrights #AbortionRightsAreHumanRights #abortionishealthcare #Politics,-0.9931970834732056,Strongly Negative
21,2022-11-26T13:34:48.000Z,Metro Manila,"We have a Pamasko Sale this coming December 🥰
Message me now to my fb acc
https://t.co/9kD6nWx1Pz
For a faster transaction and legitimacy check

#AbortionRightsAreHumanRights #AbortionIsHealthcare #gamotpampalaglag #cyto https://t.co/Kz3bZPL2BL",-0.998056948184967,Strongly Negative
22,2022-11-26T13:32:28.000Z,"Red Bank, NJ","No to SCAM 
Yes to LEGIT ❤️

Message me directly if interested
For a faster transaction
Fb: Chelcy Lawrence 
https://t.co/9kD6nWfYNz
Click the link of my fb acc
#abortionrights #AbortionRightsAreHumanRights #AbortionIsHealthcare #pampalaglagmagamot https://t.co/kKvB88OtQe",-0.9970806241035461,Strongly Negative
23,2022-11-26T13:06:46.000Z,,Giving Adoption Papers to Pro-Lifers that Block Planned Parenthood https://t.co/p7SVC0w2yZ via @YouTube Thank you @waltermasterson !! #abortionishealthcare #AbortionRightsAreHumanRights !,-0.9110273718833923,Strongly Negative
24,2022-11-26T12:37:29.000Z,"Arkansas, USA","📌 DM to inquire 
Thank you for continuously trusting Fey Meds and Team Nadz‼️

Abortion Pills Sellers since 2019💯

 #pampalaglag #pamparegla #pampahilab #abortionpills #gamotnapampalaglagngbata #pampalaglagnagamot #teamnadz #Misoprostol #rotec #cytotec #AbortionIsHealthcare https://t.co/mdEGVFKR0P",-0.9801109433174133,Strongly Negative
25,2022-11-26T12:02:50.000Z,Ireland,"I’m still mad that women in my state can not have an abortion. I remember reading somewhere “Those who live in glass houses, shouldn’t throw stones”.
#abortionishealthcare 
#AbortionRightsAreHumanRights 
#Arkansas",-0.9696669578552246,Strongly Negative
26,2022-11-26T11:15:32.000Z,Antananarivo,"Para Savita e todas as outras mulheres que foram vítimas do controle da Igreja e do Estado sobre nossas vidas, dizemos: NUNCA MAIS.
Separate church and state. 
#abortionrights #abortionishealthcare #AbortionRightsAreHumanRights",-0.9838518500328064,Strongly Negative
27,2022-11-26T11:11:45.000Z,Antananarivo,"✊16 jours d'activisme contre les violences faites aux femmes .Parlons aussi de la violences faites par des femmes sur des femmes ‼️🇲🇬Dénonçons ces députées femmes qui font de la violence sur ses compatriotes femmes en les condamnant à une mort certaine 😡
#AbortionIsHealthcare https://t.co/08DsPzKmky",-0.9844397306442261,Strongly Negative
28,2022-11-26T08:58:45.000Z,,"The latest news on abortion rights wordwide, check DIY ABORTION! https://t.co/EUku8DZlGk Thanks to @freesafelegal @safe2choose #abortionishealthcare #freesafelegallocal",-0.9906893968582153,Strongly Negative
29,2022-11-26T07:33:07.000Z,"Indianapolis, IN","We Need You Again #Georgia 

#RaphaelWarnock #Runoff #AbortionRights #AbortionIsHealthcare #AbortionRightsAreHumanRights #RoeVWade #VoteBlue2022 #VoteBlueToSaveAmerica #VoteBlueOrWeAreScrewed #VoteBlueNoMatterWho #VoteBlueToSaveDemocracy 
https://t.co/QxEvWJdzmH",-0.9934473633766174,Strongly Negative
30,2022-11-26T05:49:40.000Z,Parts Unknown ,#abortionrights #abortionishealthcare #AbortionRightsAreHumanRights #abortionwithoutborders #abortionshoulbeillegal #abortion https://t.co/iO9kLz4NZ5,-0.9927619099617004,Strongly Negative
31,2022-11-26T01:52:52.000Z,,".@SenSchumer @SpeakerPelosi There's limited time w the lame duck session, but you can't leave #women out to dry 2 more yrs! 

Force a vote: after women's full support at midterms, we deserve to know who supports us! #AbortionRightsAreHumanRights #abortionishealthcare",-0.9673998951911926,Strongly Negative
32,2022-11-26T01:05:09.000Z,,"Don't be a hypocrite. 

#AbortionIsHealthcare #RoeVWade #WomensRightsAreHumanRights #GOPHypocrisy https://t.co/kgt9lDmWJm",-0.9916520714759827,Strongly Negative
33,2022-11-25T22:59:08.000Z,,"forda success na🎉

📌 it took 10hrs of procedure

💌 https://t.co/U6oFCZJNxN

#gamotpampalaglag #pampalaglag #abortionpills #cytotec #cytotecoriginal  #Misoprostol #Mifekit #AbortionIsHealthcare https://t.co/R0RRvI4UGR",-0.997723400592804,Strongly Negative
34,2022-11-25T21:56:58.000Z,Wurundjeri Country/Melbourne,"Vote [1] Reason to ensure reproductive rights are protected.

Because we won't go back. Not one step. #AbortionisHealthcare #VicVotes2022 https://t.co/aI4n9miBbU",-0.9886831641197205,Strongly Negative
35,2022-11-25T21:10:33.000Z,Cannot Say,"""#ProLife"" would be #BanNuclearWeapons, but banning abortions!

#AbortionIsHealthcare #TheirBodyTheirChoice",-0.9953576922416687,Strongly Negative
36,2022-11-25T20:02:16.000Z,United Kingdom,#AbortionIsHealthcare,-0.9685888290405273,Strongly Negative
37,2022-11-25T19:39:07.000Z,"Winter: Florida,  Summer: WV","If you truly believe abortion is murder and a fetus is not a parasite, you are wrong. Science doesn't care about your beliefs.
#factsoverfeelings #abortion #abortionishealthcare #abortionisnotmurder #medicalprofessional #womensrights
https://t.co/NJ9A5Ttdfj",-0.9993996620178223,Strongly Negative
38,2022-11-25T19:33:00.000Z,United States,"Pro-choice: abortion is healthcare!
Pro-life: so, how about we just allow it for medical necessity then?
PC: No! Abortion on demand  &amp; without apology for anyone, any time, any reason!
PL: that doesn’t sound like healthcare…🤔 #AbortionIsHealthcare https://t.co/nXuhK0l9og",-0.9978809952735901,Strongly Negative
39,2022-11-25T19:08:03.000Z,"Charlotte, NC",Abortion is life saving!! Please donate anything you can to help her get an abortion! Mutual Aid is the only way with these horrible abortion policies!! #reproductivejustice #donate #Blackfriday #GivingTuesday #abortionishealthcare #Help #MutualAid #BLM https://t.co/TQ04FTylZd,-0.9967719912528992,Strongly Negative
40,2022-11-25T17:37:01.000Z,Ireland,"Georgia state Supreme Court on Wednesday temporarily reinstated state's 6wk abortion ban (was struck down by lower court last wk). Another 10.8 million have their rights curtailed thanks to Rep. Gov.  Kemp &amp; his cronies.
#abortionishealthcare 
https://t.co/2eYNk45C7I",-0.9991833567619324,Strongly Negative
41,2022-11-25T17:08:53.000Z,,"Proof of meds!🚚

Are you pregnant but not sure?Just message me, we always have on hand!📲💊 #pampalaglag #pamparegla #pampahilab #abortionpills #gamotnapampalaglagngbata #pampalaglagnagamot #teamnadz #Misoprostol #rotec #cytotec #AbortionIsHealthcare https://t.co/SXKqmf5JFJ",-0.9892772436141968,Strongly Negative
42,2022-11-25T17:08:43.000Z,,"Proof of meds!🚚

Are you pregnant but not sure?Just message me, we always have on hand!📲💊 #pampalaglag #pamparegla #pampahilab #abortionpills #gamotnapampalaglagngbata #pampalaglagnagamot #teamnadz #Misoprostol #rotec #cytotec #AbortionIsHealthcare https://t.co/2AKoXMf14h",-0.9886119961738586,Strongly Negative
43,2022-11-25T17:08:40.000Z,,"Proof of meds!🚚

Are you pregnant but not sure?Just message me, we always have on hand!📲💊 #pampalaglag #pamparegla #pampahilab #abortionpills #gamotnapampalaglagngbata #pampalaglagnagamot #teamnadz #Misoprostol #rotec #cytotec #AbortionIsHealthcare https://t.co/1fuk3wkkM9",-0.9877511262893677,Strongly Negative
44,2022-11-25T16:38:42.000Z,,"Hi guys 5 days to go before our sale ends habol na kayooo💯✔️ 

https://t.co/iDoTjo1zcX
https://t.co/AOaX4S8cw0
Viber:09923119073

#pampalaglag #abortionpills #rotec #misoprostol #abortionph
#AbortionIsHealthcare #internationalabortion #ofw",-0.9954068660736084,Strongly Negative
45,2022-11-25T16:22:26.000Z,,"Audrey today Friday https://t.co/TXuncv2KjL
#LGBT #AOC #democracy #bluewave2022 #Socialism2021 #model #AbortionIsEssential #TransAwarenessWeek #antifascist #Chicago #Hiring #HIRINGNOW #DemocracyNotAutocracy  #AbortionIsHealthcare #Communist #communismwork
#Ukraine #UkraineWar https://t.co/MG1tmqIH46",-0.9885270595550537,Strongly Negative
46,2022-11-25T16:21:22.000Z,,"Emilia today Friday https://t.co/EWGKP1VUGf
#LGBT #AOC #democracy #bluewave2022 #Socialism2021 #model #AbortionIsEssential #TransAwarenessWeek #antifascist #Chicago #Hiring #HIRINGNOW #DemocracyNotAutocracy  #AbortionIsHealthcare #Communist #communismwork
#Ukraine #UkraineWar https://t.co/8IO1GvkA5E",-0.9854318499565125,Strongly Negative
47,2022-11-25T16:20:28.000Z,,"Tourist 5 today Friday https://t.co/zjSxBDgX3t
#LGBT #AOC #democracy #bluewave2022 #Socialism2021 #model #AbortionIsEssential #TransAwarenessWeek #antifascist #Chicago #Hiring #HIRINGNOW #DemocracyNotAutocracy  #AbortionIsHealthcare #Communist #communismwork
#Ukraine #UkraineWar https://t.co/DZJLSTOY0C",-0.988740861415863,Strongly Negative
48,2022-11-25T16:19:37.000Z,,"Tourist 6 today Friday https://t.co/KJBVeYfz5E
#LGBT #AOC #democracy #bluewave2022 #Socialism2021 #model #AbortionIsEssential #TransAwarenessWeek #antifascist #Chicago #Hiring #HIRINGNOW #DemocracyNotAutocracy  #AbortionIsHealthcare #Communist #communismwork
#Ukraine #UkraineWar https://t.co/XJsA84ETC2",-0.9865925908088684,Strongly Negative
49,2022-11-25T16:18:27.000Z,Turtle Island ,"Bogna today Friday https://t.co/peMrGBTyDG
#LGBT #AOC #democracy #bluewave2022 #Socialism2021 #model #AbortionIsEssential #TransAwarenessWeek #antifascist #Chicago #Hiring #HIRINGNOW #DemocracyNotAutocracy  #AbortionIsHealthcare #Communist #communismwork
#Ukraine #UkraineWar https://t.co/gCFK6YnI8t",-0.9926372766494751,Strongly Negative
50,2022-11-25T16:17:07.000Z,London,"Karina today Friday https://t.co/zZlkCSHHSU
#LGBT #AOC #democracy #bluewave2022 #Socialism2021 #model #AbortionIsEssential #TransAwarenessWeek #antifascist #Chicago #Hiring #HIRINGNOW #DemocracyNotAutocracy  #AbortionIsHealthcare #Communist #communismwork
#Ukraine #UkraineWar https://t.co/H2okkAqIlR",-0.9907546639442444,Strongly Negative
51,2022-11-25T15:45:43.000Z,"Puerto Vallarta, Mexico","WE NEED YOUR HELP! Undocumented relative who needs abortion care, goal is $10k. All donations today and tomorrow go to help our relative! https://t.co/JSAdG97Pyy #AbortionIsHealthCare https://t.co/skoHQbDzlW",-0.9858084917068481,Strongly Negative
52,2022-11-25T15:30:52.000Z,,"4 Reasons Why You Shoul̖d Be Selling During The Holidays. 🙏

#domains #solana #karizona #defundpbs #roevember8th #endgunviolence #lgbtq #abortionishealthcare 

https://t.co/OH2GvUCdcF",-0.994692862033844,Strongly Negative
53,2022-11-25T15:07:36.000Z,,Mexican Networks Ramp Up Help for US Women Seeking Abortions https://t.co/ThiGaAr2mv #Mexico #PuertoVallarta #Jalisco #Nayarit #abortion #abortionishealthcare #abortionrights #abortionisahumanright #abortionaccess https://t.co/INUAg0iL5g,-0.9701133370399475,Strongly Negative
54,2022-11-25T15:07:01.000Z,Illinois,"Abtreibungsverbote sind institutionalisierte Gewalt gegen Frauen und alle Menschen, die schwanger werden können. /3

#AbortionIsHealthcare https://t.co/or9eBcaEEq",-0.9941055774688721,Strongly Negative
55,2022-11-25T15:00:00.000Z,Puerto Rico,"Understand the legal framework behind #abortion laws. We break it down in our action guide! 
#abortions #abortionrights #abortionrightsarehumanrights #abortionishealthcare #reproductiverights #mybodymychoice #prochoice #roevswade https://t.co/IT6ePgjpa3",-0.9951596856117249,Strongly Negative
56,2022-11-25T13:55:01.000Z,Puerto Rico,"4 Reasons Why You Should Be Selling During T̡he Holidays. 🤲

#sisters #abortionrights #abortionishealthcare #womenlifefreedom #votebluenomatterwho #bluetsunami #xtz #cleannft 

https://t.co/BG1ZVkKeEe",-0.9958035349845886,Strongly Negative
57,2022-11-25T13:54:44.000Z,Puerto Rico,CUIDADOS POST-ABORTO 💚 #mingasdeaborto #abortopr #abortiondoula #abortions #abortionishealthcare en Puerto Rico https://t.co/G2NmDyqFfA,-0.9909312725067139,Strongly Negative
58,2022-11-25T13:23:03.000Z,"Tulsa, OK","""Mark P"" of @UTAustin makes his own choice to:
1. Force his girlfriend to give birth.
2. Force his girlfriend to marry him.
3. Not provide his full name.
Men have ZERO power in deciding what is best for someone who is pregnant.
#abortionishealthcare
https://t.co/yohhBlBZ2U https://t.co/wXmYrzRCta",-0.999240517616272,Strongly Negative
59,2022-11-25T12:19:33.000Z,,"Why is @CHCHTV @CHCHNews accepting ads from forced birthers? I understand that ads support local news but honestly, I’m so disappointed. Maybe their ad team needs to do some supp. reading like @AbortionRights @actioncanadashr #AbortionRightsAreHumanRights #abortionishealthcare https://t.co/kcwx6FuoZ5",-0.9992330074310303,Strongly Negative
60,2022-11-25T09:00:57.000Z,Global,"FIGO, @IFMSA and @WATOG_org are calling for the inclusion of contraception and abortion in sexual and reproductive health and rights elements of all medical school curricula. #SRHR #AbortionIsHealthcare

See the joint statement &amp; the model curriculum: https://t.co/kyR65nieTl https://t.co/Z2qu198592",-0.9859819412231445,Strongly Negative
61,2022-11-25T08:58:24.000Z,,"The latest news on abortion rights wordwide, check DIY ABORTION! https://t.co/9o5xDEzoJL Thanks to @Abortion_Rights @freesafelegal #abortionishealthcare #freesafelegallocal",-0.9793581366539001,Strongly Negative
62,2022-11-25T06:46:19.000Z,,"NOVEMBER 24
Shipments/Waybills! 

Are you pregnant but not sure? Just message me, we always have on hand!📲💊 #pampalaglag #pamparegla #pampahilab #abortionpills #gamotnapampalaglagngbata #pampalaglagnagamot #teamnadz #Misoprostol #rotec #cytotec #AbortionIsHealthcare https://t.co/ZVOphF19sH",-0.990535318851471,Strongly Negative
63,2022-11-25T02:07:49.000Z,New York,Will you support the fight for our women's right to abortion?  #AbortionIsHealthcare,0.7910561561584473,Strongly Positive
64,2022-11-24T23:49:31.000Z,"Minneapolis, MN","Thankful for Abortion Access @AbortionFront , had to let the @Vikings know that abortion is healthcare ✊🏻 #AbortionIsHealthcare #AbortionRights https://t.co/PAtU73b3qP",-0.9934502840042114,Strongly Negative
65,2022-11-24T23:20:15.000Z,"Seattle, WA",Friendly reminder as you watch this football game that the Salvation Army is not a good charity to donate to. It is a religious sect that does not believe a woman has the right to make her own choice regarding abortion. Please find other ways to give. #AbortionIsHealthcare,-0.9926635026931763,Strongly Negative
66,2022-11-24T22:54:00.000Z,,"Success client!!!

📌 It took almost 9hrs of procedure 🤗

💌 https://t.co/U6oFCZJNxN

#pampalaglag #pangpalaglag #abortionpills #Misoprostol #cytotec #Mifekit #gamotpampalaglag #AbortionIsHealthcare https://t.co/60IZxxb8aC",-0.978826642036438,Strongly Negative
67,2022-11-24T22:36:16.000Z,USA,#prochoice #AbortionIsHealthcare #NotUrBiz #womenempowerment #Feminism https://t.co/2r1VZTV93g,-0.99216228723526,Strongly Negative
68,2022-11-24T22:13:00.000Z,,"Proof of payment✨

My international client paid her meds💯 super legit ✔️ Free shipping nationwide dm me for inquire!

https://t.co/iDoTjo1zcX
Viber/tele: 09923119073
#pampalaglag #abortionpills #rotec #misoprostol #abortionph
#AbortionIsHealthcare #internationalabortion #ofw https://t.co/1JfKhmxOrC",-0.9976603984832764,Strongly Negative
69,2022-11-24T22:12:18.000Z,Ireland,"Thank you to all the abortion providers in Ireland.
#AbortionIsHealthcare #abortioninireland",0.9891611933708191,Strongly Positive
70,2022-11-24T21:04:43.000Z,United Kingdom,#AbortionIsHealthcare,-0.9685888290405273,Strongly Negative
71,2022-11-24T20:58:43.000Z,France,The French National Assembly voted the inclusion of the right to abortion in the Constitution. ✊ #abortionishealthcare #AbortionRightsAreHumanRights,-0.7721112370491028,Strongly Negative
72,2022-11-24T20:29:56.000Z,,"Abortion is a woman's choice. The Republicans shoud shut their mouths. Protect Abortion Rights.
#AbortionRightsAreHumanRights #AbortionIsHealthcare #France 
https://t.co/LMcppWR2Hn",-0.9916369318962097,Strongly Negative
73,2022-11-24T18:20:53.000Z,southern england,"France's lower house of parliament voted to include a right to abortion in the country's constitution. https://t.co/j9X9LIKpLN 
Hurrah for the French. Pity UK has no written constitution. #AbortionRightsAreHumanRights #abortionishealthcare",-0.9944636225700378,Strongly Negative
74,2022-11-24T17:02:51.000Z,,"Karina today Thursday https://t.co/zZlkCSZR72
#LGBT #AOC #democracy #bluewave2022 #Socialism2021 #model #AbortionIsEssential #TransAwarenessWeek #antifascist #Chicago #Hiring #HIRINGNOW #DemocracyNotAutocracy  #AbortionIsHealthcare #Communist #communismwork
#Ukraine #UkraineWar https://t.co/Iz9YwG9SYp",-0.9923462867736816,Strongly Negative
75,2022-11-24T17:02:02.000Z,,"Bogna today Thursday https://t.co/peMrGBTyDG
#LGBT #AOC #democracy #bluewave2022 #Socialism2021 #model #AbortionIsEssential #TransAwarenessWeek #antifascist #Chicago #Hiring #HIRINGNOW #DemocracyNotAutocracy  #AbortionIsHealthcare #Communist #communismwork
#Ukraine #UkraineWar https://t.co/Pt3Gb57RkR",-0.993174135684967,Strongly Negative
76,2022-11-24T17:01:21.000Z,,"Emilia today Thursday https://t.co/EWGKP1EREf
#LGBT #AOC #democracy #bluewave2022 #Socialism2021 #model #AbortionIsEssential #TransAwarenessWeek #antifascist #Chicago #Hiring #HIRINGNOW #DemocracyNotAutocracy  #AbortionIsHealthcare #Communist #communismwork
#Ukraine #UkraineWar https://t.co/sL0Wvg6Cnf",-0.9872362017631531,Strongly Negative
77,2022-11-24T17:00:37.000Z,,"Received meds💊

Sure na sure na dadating sayo ng safe ang meds mo kaya message me na lapit na matapos sale namin! 

https://t.co/AOaX4S8cw0
https://t.co/iDoTjo1zcX

#pampalaglag #abortionpills #rotec #misoprostol #abortionph
#AbortionIsHealthcare #internationalabortion #ofw https://t.co/PPBT9nZEs9",-0.994666337966919,Strongly Negative
78,2022-11-24T17:00:20.000Z,,"Tourist 6 tday Thursday https://t.co/KJBVeYfz5E
#LGBT #AOC #democracy #bluewave2022 #Socialism2021 #model #AbortionIsEssential #TransAwarenessWeek #antifascist #Chicago #Hiring #HIRINGNOW #DemocracyNotAutocracy  #AbortionIsHealthcare #Communist #communismwork
#Ukraine #UkraineWar https://t.co/jqXKNAFCml",-0.9918487071990967,Strongly Negative
79,2022-11-24T16:59:32.000Z,,"Proof of payment!

101%legit seller✔️ dm me for inquire. We have gc for proofs para iwas scam. 

Fb:https://t.co/w52zgapj1g
Viber\telegram: 09923119073

#pampalaglag #abortionpills #rotec #misoprostol #abortionph
#AbortionIsHealthcare #internationalabortion #mifepristone https://t.co/kihdh3UsCr",-0.9978073239326477,Strongly Negative
80,2022-11-24T16:59:18.000Z,,"Tourist 5 tday Thursday https://t.co/zjSxBCZU1t
#LGBT #AOC #democracy #bluewave2022 #Socialism2021 #model #AbortionIsEssential #TransAwarenessWeek #antifascist #Chicago #Hiring #HIRINGNOW #DemocracyNotAutocracy  #AbortionIsHealthcare #Communist #communismwork
#Ukraine #UkraineWar https://t.co/XDRtGEkyiB",-0.9921627640724182,Strongly Negative
81,2022-11-24T16:10:47.000Z,,Happy Thanksgiving! Remember #AbortionIsHealthcare and you can tell your family who doesn’t believe it to suck turkey ass. 🦃,-0.6845256090164185,Negative
82,2022-11-24T15:00:03.000Z,"Puerto Vallarta, Mexico","Discover stories of women’s abortion experience in our action guide!

#abortion #abortions #abortionrights #abortionisahumanright #abortionrightsarehumanrights #abortionishealthcare #reproductiverights #reproductivejustice #mybodymyrights #mybodymychoice #prochoice https://t.co/MdDB2WjJwn",-0.9646531343460083,Strongly Negative
83,2022-11-24T14:38:23.000Z,"Ghaziabad, India","PROOF OF MEDS!!! 

Thank you for continuously trusting Fey Meds and TEAM NADZ 💗

#AbortionIsHealthcare #abortionpills #pampalaglag #pamparegla #abortion #teamnadz #misoprostol #pangpalaglag #unwantedpregnancy https://t.co/74Yq7W90MW",-0.9285653233528137,Strongly Negative
84,2022-11-24T14:37:50.000Z,"Ghaziabad, India","PROOF OF MEDS!!! 

Thank you for continuously trusting Fey Meds and TEAM NADZ 💗

#AbortionIsHealthcare #abortionpills #pampalaglag #pamparegla #abortion #teamnadz #misoprostol #pangpalaglag #unwantedpregnancy https://t.co/JW67cFOuCt",-0.9433876872062683,Strongly Negative
85,2022-11-24T14:37:33.000Z,"Ghaziabad, India",Mexican Networks Ramp Up Help for US Women Seeking Abortions https://t.co/ThiGaAquwX #Mexico #PuertoVallarta #Jalisco #Nayarit #abortion #abortionishealthcare #abortionrights #abortionisahumanright #abortionaccess https://t.co/INUAg0iL5g,-0.9706266522407532,Strongly Negative
86,2022-11-24T12:25:49.000Z,"Ghaziabad, India",एबॉर्शन के बाद इन दिक्कतों का करना पड़ सकता है सामना...#BreakingNews #LatestNews #healthcare #AbortionIsHealthcare    https://t.co/6LWeTTZNk1 #NedrickNews,-0.9792249798774719,Strongly Negative
87,2022-11-24T10:56:37.000Z,,"Proof of payment✨

Unplanned/Unwanted Pregnancy?
Graduating? Raped? 
Need help? I got you just message me thru:
Fb:https://t.co/j5mAH1tI8c
Viber\telegram: 09923119073

#pampalaglag #abortionpills #rotec #misoprostol #abortionph
#AbortionIsHealthcare #internationalabortion https://t.co/K5LeQyEUej",-0.9985042810440063,Strongly Negative
88,2022-11-24T10:47:24.000Z,"Alabama, USA","OUR BODIES OUR CHOICES. 
We are a social media group called “we few” who are fighting to change the law in Alabama to make abortions legal. #abortionishealthcare #AbortionRightsAreHumanRights https://t.co/CHV88IkP1B",-0.9862250089645386,Strongly Negative
89,2022-11-24T09:14:14.000Z,USA,"The ""unborn"" is a strawman fallacy argument.
a fetus is not a child.

#AbortionIsHealthcare 
#AbortionRightsAreHumanRights https://t.co/cK91TgBjmS",-0.9935457110404968,Strongly Negative
90,2022-11-24T08:58:25.000Z,,"The latest news on abortion rights wordwide, check DIY ABORTION! https://t.co/H5sN9dfrCd Thanks to @Abortion_Rights @freesafelegal #abortionishealthcare #freesafelegallocal",-0.9845148324966431,Strongly Negative
91,2022-11-24T08:40:20.000Z,Betelguese,"#Gratitude
I’m so Thankful for each &amp; every one of my #TwitterFam
#Demcast #OneVoice1 
#FreshWords #WTP #wtpBLUE 
#LGBTQ #BlackLivesMatter 
#ClimateAction 
#AdoptDontShop 
#voteblue #kindness 
#KindnessMatters 
#AbortionIsHealthcare https://t.co/Y5iTjZAV4S",0.8974054455757141,Strongly Positive
92,2022-11-24T08:27:10.000Z,,"NOVEMBER 24
Shipments/Waybills! 

Are you pregnant but not sure? Just message me, we always have on hand!📲💊 #pampalaglag #pamparegla #pampahilab #abortionpills #gamotnapampalaglagngbata #pampalaglagnagamot #teamnadz #Misoprostol #rotec #cytotec #AbortionIsHealthcare https://t.co/UPR0gEou32",-0.9889271259307861,Strongly Negative
93,2022-11-24T07:30:00.000Z,India,"While self-care interventions play an important role in making #healthcare systems more efficient, is it the same during humanitarian crises? 

#AfghanWomen #SouthAsia #AbortionIsHealthcare #WomensRightsAreHumanRights

https://t.co/R7mDWGF1oK",-0.9910973310470581,Strongly Negative
94,2022-11-24T07:16:43.000Z,,"If abortion is “used by women as a form of contraception” as some fucked Victorian LNP candidate said last week, then what the fuck are all the men who persuade, coerce or force their partners into having an abortion fucking doing?

#AbortionIsHealthcare",-0.998923122882843,Strongly Negative
95,2022-11-24T06:05:45.000Z,,"Received meds✔️

Dm me for inquireee
Fb:https://t.co/AOaX4S8cw0
https://t.co/iDoTjo1zcX
Viber/tele:09923119073

#pampalaglag #abortionpills #rotec #misoprostol #abortionph
#AbortionIsHealthcare #internationalabortion #ofw https://t.co/CADrkQ04cL",-0.9917339086532593,Strongly Negative
96,2022-11-24T04:03:14.000Z,"Fargo, ND",#AOC #AOCLovesElon #abortionrights #AbortionRightsAreHumanRights #AbortionIsHealthcare #abortionIsMurder https://t.co/xtDnjZkbZ5,-0.9922048449516296,Strongly Negative
97,2022-11-24T03:59:42.000Z,,"Success client✨

3months rotec! Congrats and condolence for interested just dm me directly on my fb acc: https://t.co/AOaX4S8cw0
https://t.co/iDoTjo1zcX

#pampalaglag #abortionpills #rotec #misoprostol #abortionph
#AbortionIsHealthcare #internationalabortion #ofw https://t.co/HjdliCxIn6",-0.69089275598526,Negative
98,2022-11-24T02:42:02.000Z,"Puerto Vallarta, Mexico","The Decriminalisation of Abortion in Mexico by Mexfam 
https://t.co/VtaxLMorDi #Mexico #abortion #AbortionIsHealthcare #AbortionAccess https://t.co/h5L4lrF4xi",-0.9932228326797485,Strongly Negative
99,2022-11-24T02:19:18.000Z,,"Package sent to Client in Lipa, Batangas

For fast reply on inquiries Call or Text 09615018016

Facebook Account:
https://t.co/pqZzDa6byB…

#misoprostol #AbortionIsHealthcare #AbortionRights #cytotec #unwantedpregnancy #safeabortion #mifepristone #pamparegla #pampalaglag https://t.co/JFdwwj8n7c",-0.9950385689735413,Strongly Negative
100,2022-11-24T01:52:08.000Z,"College Park, Maryland, USA","Our community showed up this week! Our GoFundMe has been moving thanks to YOU. We’re thankful for our community, our team and the patients we are honored to serve. Let’s keep it moving this week for all our future patients! #abortionishealthcare 

https://t.co/WFFM2n0bQQ",0.9993264675140381,Strongly Positive
101,2022-11-24T01:47:22.000Z,"College Park, Maryland, USA","Malapit na po mag end ang november sale namin🥲 habol na po kayo sayang din yang 300 pesos sale✔️ 

Just dm me on my fb account:
https://t.co/AOaX4S8cw0
https://t.co/iDoTjo1zcX
#pampalaglag #rotec #misoprostol #abortionph
#AbortionIsHealthcare #internationalabortion #ofw https://t.co/vnN3y4gSg6",-0.9967207312583923,Strongly Negative
102,2022-11-24T01:42:33.000Z,"College Park, Maryland, USA","Proof of payment✨

Unplanned/Unwanted Pregnancy?
Graduating? Raped? 
Need help? I got you just message me thru:
Fb:https://t.co/j5mAH1tI8c
Viber\telegram: 09923119073

#pampalaglag #abortionpills #rotec #misoprostol #abortionph
#AbortionIsHealthcare #internationalabortion https://t.co/rK2g8kKcdF",-0.9984604120254517,Strongly Negative
103,2022-11-24T01:41:47.000Z,"College Park, Maryland, USA","Success client✨

2months rotec! Congrats and condolence for interested just dm me directly on my fb acc: https://t.co/AOaX4S8cw0
https://t.co/iDoTjo1zcX

#pampalaglag #abortionpills #rotec #misoprostol #abortionph
#AbortionIsHealthcare #internationalabortion #ofw https://t.co/ELc24jejEe",0.5480394959449768,Positive
104,2022-11-24T01:41:17.000Z,"College Park, Maryland, USA","Success client✨

4-5 months rotec! Congrats and condolence for interested just dm me directly on my fb acc: https://t.co/AOaX4S8cw0
https://t.co/iDoTjo1zcX

#pampalaglag #abortionpills #rotec #misoprostol #abortionph
#AbortionIsHealthcare #internationalabortion #ofw https://t.co/W6sTMogyZs",-0.9508442878723145,Strongly Negative
105,2022-11-24T01:07:04.000Z,SoFlo,"#Georgia is slipping. There a way on women. Therefore, ED needs for men should banned. If your d*ck is broke it must be God's will. Let it stay broke. #God #RoeVWade #waronwomen #AbortionRightsAreHumanRights
#AbortionIsHealthcare #abortionwithoutborders

https://t.co/3SauqxFnDH",-0.998752236366272,Strongly Negative
106,2022-11-24T01:00:03.000Z,,"Wondering how to argue against ""my body, my choice""?  Swipe to see the easiest way to defend life.  

#prolife #prochoice #abortion #womenshealth @#reproductiverights #abortionismurder #abortionishealthcare #womensrights https://t.co/hljFS0vH9j",-0.9961249232292175,Strongly Negative
107,2022-11-24T00:31:01.000Z,,pls po wag tanga #abortionishealthcare,-0.9960289001464844,Strongly Negative
108,2022-11-23T23:34:32.000Z,,"This doctor was acting in the interest of her patient, a 10 year old rape survivor, no laws were broken. This needs to stop.

#AbortionIsHealthcare #Ohio #Indiana #AbortionRightsAreHumanRights https://t.co/pdXKgm0Hav",-0.9961620569229126,Strongly Negative
109,2022-11-23T23:23:36.000Z,"Los Angeles, CA","#RT @ColorOfChange: New laws have restricted access to abortion care and other reproductive health resources, often resulting in harmful and dangerous outcomes.

#AbortionIsHealthcare and it should be as accessible as every other lifesaving medical proce… https://t.co/J0NWIOKGAu",-0.9951320886611938,Strongly Negative
110,2022-11-23T23:20:20.000Z,,"New laws have restricted access to abortion care and other reproductive health resources, often resulting in harmful and dangerous outcomes.

#AbortionIsHealthcare and it should be as accessible as every other lifesaving medical procedure.

#LiberatedBodies x @AbortionStories https://t.co/UY0ekgGrV5",-0.9953723549842834,Strongly Negative
111,2022-11-23T22:37:08.000Z,,"""The suction pulls the (alive) fetus’ body apart and out of the uterus.""

Suction Curettage: between 6 to 14 weeks 

This is the most common surgical abortion procedure. 
#AbortionRightsAreHumanRights #abortionfacts #abortionishealthcare #abortionshoulbeillegal",-0.9718652367591858,Strongly Negative
112,2022-11-23T21:57:35.000Z,"Atlanta, GA",Full story https://t.co/1WvKpavEsr 🟪#abortion #abortionishealthcare #abortionrights #advocate #atlanta #briankemp #donaldtrump #humanrights #lawyer #mybodymychoice #notoriousrbg #purpleroompolitics #republican #roevwade #supremecourt #washingtondc #women #womensrights https://t.co/DnWjL3T2Cp,-0.995009183883667,Strongly Negative
113,2022-11-23T21:53:29.000Z,"Northampton, MA","The antis are trying to use the Comstock Law to ban mailing abortion pills. Yes, really. @MsMagazine @smithcollege @reproequity_now @PPAdvocacyMA @PPact #abortionishealthcare #mifepristone @Plancpills @self_managed 
https://t.co/KA6DP3p7uO",-0.9981955885887146,Strongly Negative
114,2022-11-23T21:53:06.000Z,United Kingdom,#AbortionIsHealthcare,-0.9685888290405273,Strongly Negative
115,2022-11-23T21:32:32.000Z,,"New pics: https://t.co/KJBVeXYw3E
#LGBT #AOC #democracy #bluewave2022 #Socialism2021 #model #AbortionIsEssential #TransAwarenessWeek #antifascist #Chicago #Hiring #HIRINGNOW #DemocracyNotAutocracy  #AbortionIsHealthcare #Communist #communismwork
#Ukraine #UkraineWar https://t.co/DjYtpAjPON",-0.9949575066566467,Strongly Negative
116,2022-11-23T20:33:53.000Z,,"#georgian #geogiacourt #courtoflaw #abortionishealthcare #abortion #abortionrights #AbortionRightsAreHumanRights  #womenhealth #womenhealthcare 

The Georgia Supreme Court on Wednesday reinstated the state’s ban on abortions after six weeks of pregnancy.
https://t.co/M25fl1h48N https://t.co/rtxXRS3r1P",-0.9817634224891663,Strongly Negative
117,2022-11-23T20:06:06.000Z,"Chicago, IL","Yo, @GuntherEagleman, you’re embarrassing yourself. 🛑 #BlackLivesMatter #ACAB #AbortionIsHealthcare",-0.9996354579925537,Strongly Negative
118,2022-11-23T19:57:02.000Z,"Minneapolis, MN",Our duty as health care professionals and scientists is to bring the voice of the people through collecting their stories and data and bringing them to the policy-making table so policies can be better aligned with health needs. #abortionishealthcare https://t.co/f1NqwKqROx,0.9912712574005127,Strongly Positive
119,2022-11-23T19:19:28.000Z,,#WomensRights #womenshealthcare #AbortionRightsAreHumanRights #abortionishealthcare #womenempowerment https://t.co/kljSMSPDka,-0.9889674782752991,Strongly Negative
120,2022-11-23T19:19:14.000Z,Indiana ,"Providing #abortion care is profoundly meaningful work. It empowers people to live their best lives, to love their families &amp; careers, to control their futures - we get to be a part of that vulnerable, powerful moment.

Abortion is freedom, liberation, love.
#AbortionIsHealthcare",0.9996263980865479,Strongly Positive
121,2022-11-23T19:18:06.000Z,"Portland Potland, OR",#AbortionRightsAreHumanRights #abortionishealthcare https://t.co/I0ukLtrMqQ,-0.9944901466369629,Strongly Negative
122,2022-11-23T18:20:54.000Z,"All by myself, wearing my mask","Georgia just reinstated their 6 week abortion ban. Any abortion ban is violence but 6 weeks is too soon for most people to know they’re pregnant and much too soon to know about fetal anomalies. This is cruel, and dangerous. #AbortionIsHealthcare",-0.9988247752189636,Strongly Negative
123,2022-11-23T18:19:09.000Z,"St Petersburg, FL","Fuck you, Georgia. #AbortionIsHealthcare 

Georgia Supreme Court reinstates six-week abortion ban

https://t.co/39Ot1wcpiw",-0.9963088631629944,Strongly Negative
124,2022-11-23T18:09:17.000Z,,"Feedback from success client✨

Tunay na legitt, safe and effective mga beb☺️ kaya message me na agad dami na nagpatunay niyan! 
Fb:https://t.co/j5mAH1tI8c
Viber\tele: 09923119073

#pampalaglag #rotec #misoprostol #abortionph
#AbortionIsHealthcare #internationalabortion https://t.co/06rvXOFW0Z",0.7435956597328186,Positive
125,2022-11-23T18:01:53.000Z,"Wisconsin, USA","I have decided to no longer use forced birth friendly language - an abortion ban is a forced birth permit, by which the government is permitted to force people to give birth.

Kinda changes the narrative, doesn’t it?  #ForcedBirth #AbortionIsHealthcare #abortion",-0.9969502091407776,Strongly Negative
126,2022-11-23T18:01:36.000Z,تركيا,"📱00905531535000
📍https://t.co/CDVKIVUSnQ
#إجهاض #إسقاط_الجنين #الاجهاض_المتكرر #الاجهاض_الحمل 
#faussecouche #faussecoucheprecoce #miscarriage #miscarriageawareness #abortion #abortionrights #abortionishealthcare 
#اماراتيات #سعوديات_كويتيات_عمانيات_إمراتيات_بحرينيات_قطريات",-0.967663586139679,Strongly Negative
127,2022-11-23T17:54:21.000Z,European Parliament,"The far-right brought conservative evangelical US militants into the European Parliament today to discuss “opposing abortion in the US &amp; Europe”.

We went along to stand up for a woman’s right to choose in Europe, the US, &amp; around the world.

#AbortionIsHealthcare #mybodymychoice https://t.co/v815eu396s",0.9855158925056458,Strongly Positive
128,2022-11-23T17:51:30.000Z,"Puerto Vallarta, Mexico","Plan C: A Safe, Self-Managed, At-Home Abortion Option Is Here https://t.co/eYnw44MGkG #abortion #abortionban #AbortionIsHealthcare #abortionisahumanright #abortionrights #usa https://t.co/RqoKGJdcQ1",-0.9936010241508484,Strongly Negative
129,2022-11-23T17:30:38.000Z,,"The ignorance is dangerous.
#SOSfromIdaho
#AbortionIsHealthcare https://t.co/AblBCLp3PX",-0.9964827299118042,Strongly Negative
130,2022-11-23T17:12:45.000Z,She/her ,This is ridiculous 🤬 rapists walk fee but doctors who give children abortions from rape could go to prison for life?? Make it make sense!!! #AbortionIsHealthcare #ihateithere #childrensafety #WomensRightsAreHumanRights https://t.co/PWgvq9FU61,-0.9922623634338379,Strongly Negative
131,2022-11-23T17:11:05.000Z,Michigan USA,"At 18 weeks pregnant, she faced an immense decision with just days to make it 

#Abortion #AbortionIsHealthcare #FetalAbnormalities #MyBodyMyChoice!!! 

https://t.co/l7QZzYb6a2",-0.995571494102478,Strongly Negative
132,2022-11-23T17:01:37.000Z,Global,"FIGO, @IFMSA and @WATOG_org are calling for the inclusion of contraception and abortion in sexual and reproductive health and rights elements of all medical school curricula. #SRHR #AbortionIsHealthcare

See the joint statement &amp; the model curriculum: https://t.co/kyR65n1bRl https://t.co/2dP9obA7qX",-0.9856159687042236,Strongly Negative
133,2022-11-23T16:56:02.000Z,,"Herschel Walker accuser comes forward with fresh relationship claims https://t.co/uetobEkUJF 
#Abortion #Georgia #GeorgiaRunoff #AbortionIsHealthcare not #DoWhatIsayDontDoWhatIdo",-0.9736194610595703,Strongly Negative
134,2022-11-23T16:51:01.000Z,,"Read about the global challenges to #abortionrights in our new #actionguide! 

#abortion #abortions #abortionisahumanright #abortionrightsarehumanrights #abortionishealthcare #reproductiverights #reproductivejustice #mybodymyrights #mybodymychoice #prochoice https://t.co/uiRtZL9WEp",-0.8370422124862671,Strongly Negative
135,2022-11-23T16:45:23.000Z,,"Bogna today Wednesday https://t.co/peMrGBTyDG
#LGBT #AOC #democracy #bluewave2022 #Socialism2021 #model #AbortionIsEssential #TransAwarenessWeek #antifascist #Chicago #Hiring #HIRINGNOW #DemocracyNotAutocracy  #AbortionIsHealthcare #Communist #communismwork
#Ukraine #UkraineWar https://t.co/fo6IXLqY0Z",-0.9937607645988464,Strongly Negative
136,2022-11-23T16:44:38.000Z,Mars - Suck it @elonmusk :-) ,"Karina today Wednesday https://t.co/zZlkCSHHSU
#LGBT #AOC #democracy #bluewave2022 #Socialism2021 #model #AbortionIsEssential #TransAwarenessWeek #antifascist #Chicago #Hiring #HIRINGNOW #DemocracyNotAutocracy  #AbortionIsHealthcare #Communist #communismwork
#Ukraine #UkraineWar https://t.co/xzdHrFDRKz",-0.9935704469680786,Strongly Negative
137,2022-11-23T16:43:32.000Z,,"Tourist 6 tday Wdnesday https://t.co/KJBVeXYw3E
#LGBT #AOC #democracy #bluewave2022 #Socialism2021 #model #AbortionIsEssential #TransAwarenessWeek #antifascist #Chicago #Hiring #HIRINGNOW #DemocracyNotAutocracy  #AbortionIsHealthcare #Communist #communismwork
#Ukraine #UkraineWar https://t.co/CKIqvpvqTc",-0.9934675097465515,Strongly Negative
138,2022-11-23T16:42:29.000Z,,"Emilia today Wednesday https://t.co/EWGKP1VUGf
#LGBT #AOC #democracy #bluewave2022 #Socialism2021 #model #AbortionIsEssential #TransAwarenessWeek #antifascist #Chicago #Hiring #HIRINGNOW #DemocracyNotAutocracy  #AbortionIsHealthcare #Communist #communismwork
#Ukraine #UkraineWar https://t.co/5x3ihMfG3U",-0.9881711006164551,Strongly Negative
139,2022-11-23T16:20:00.000Z,"New York, NY","If you, man or women, want reproductive rights you have them. Just stop being selfish, lazy and a slut! #reproductiverights #AbortionIsHealthcare #murder @LifeNewsHQ @LilaGraceRose",-0.995262622833252,Strongly Negative
140,2022-11-23T16:05:11.000Z,"Minneapolis, MN","Proof of meds!🚚

Are you pregnant but not sure?Just message me, we always have on hand!📲💊 #pampalaglag #pamparegla #pampahilab #abortionpills #gamotnapampalaglagngbata #pampalaglagnagamot #teamnadz #Misoprostol #rotec #cytotec #AbortionIsHealthcare https://t.co/XXoLjKpS7x",-0.9876143932342529,Strongly Negative
141,2022-11-23T16:05:05.000Z,"Minneapolis, MN","Proof of meds!🚚

Are you pregnant but not sure?Just message me, we always have on hand!📲💊 #pampalaglag #pamparegla #pampahilab #abortionpills #gamotnapampalaglagngbata #pampalaglagnagamot #teamnadz #Misoprostol #rotec #cytotec #AbortionIsHealthcare https://t.co/VV4GyJnZGX",-0.9893827438354492,Strongly Negative
142,2022-11-23T15:12:33.000Z,"Minneapolis, MN","AVAIL NOW,
SHIP TOMORROW 💗
ALWAYS AVAILABLE 
PM ME FOR FAST AND LEGIT TRANSACTION

0916 137 2823/ STEPHANNY CRUZ

#pampalaglag 
#pamparegla 
#abortionrights 
#AbortionIsHealthcare 
#abortionph 
#cytotec 
#mifepristone",-0.9898197054862976,Strongly Negative
143,2022-11-23T15:03:39.000Z,"Minneapolis, MN","It's not long now until this year's #GivingTuesday2022—a chance for you to support the causes you believe in.

If you're concerned about ensuring the fundamental right to #reproductive freedom &amp; securing access to #abortion care, remember @Gynuity

#AbortionIsHealthcare #SRHR https://t.co/Yjx7S12p5q",0.9945873022079468,Strongly Positive
144,2022-11-23T13:39:00.000Z,"Minneapolis, MN",This is an incredible win to protect the right of women to seek abortion and further validate that Minneapolis is a safe haven.https://t.co/eaPNKE6SDO #AbortionIsHealthcare #AbortionRightsAreHumanRights,0.9996551275253296,Strongly Positive
145,2022-11-23T12:47:57.000Z,"Bloomington, MN","Christian domination, Minnesota edition @jennycohn1 @StribGuy #LocalJournalismMatters #ChristianNationalism  #AbortionIsHealthcare 
https://t.co/6qmfyXWGRK",-0.9900091886520386,Strongly Negative
146,2022-11-23T11:35:32.000Z,United States,"How to Help Women Facing an Unplanned Pregnancy?
.
Do you have any suggestions in mind?
.
#women #reproductivehealth #healthcare #pregnancy #WomensRights #WomenLifeFreedom #HealthyLifestyle #Help #suggestions #UnitedStates #AbortionIsHealthcare #abortionrights https://t.co/HD4M9vg6E8",-0.9891091585159302,Strongly Negative
147,2022-11-23T10:22:40.000Z,,"Using someone else's body against their will is not right.
#AbortionRightsAreHumanRights 
#AbortionIsHealthcare 
#abortionrights https://t.co/eoHuBssOoz",-0.999516487121582,Strongly Negative
148,2022-11-23T09:08:42.000Z,"Indianapolis, IN","This Dude Needs Hooked On Phonics!

#RaphaelWarnock #HerschelWalker #AbortionBan #AbortionRights #AbortionIsHealthcare #AbortionRightsAreHumanRights #RoeVWade #VoteBlue2022 #VoteBlueToSaveAmerica #VoteBlueOrWeAreScrewed #VoteBlueNoMatterWho #VoteBlueToSaveDemocracy #Georgia #SMH https://t.co/4hbpk6xSRf",-0.9968609809875488,Strongly Negative
149,2022-11-23T08:58:24.000Z,,"The latest news on abortion rights wordwide, check DIY ABORTION! https://t.co/38EILoH7Im Thanks to @freesafelegal #abortionishealthcare #freesafelegallocal",-0.9868532419204712,Strongly Negative
150,2022-11-23T07:59:09.000Z,Malta,"Story 59 – 19.11.2022

Read it here: https://t.co/l3CWZkfhmQ

#breakthetabooMalta #StopTheStigma #ShoutYourAbortion #YouKnowMe #ImALife #ProChoice #TrustWomen #AbortionIsHealthcare #Malta https://t.co/pkSyASkECK",-0.9935888051986694,Strongly Negative
151,2022-11-23T07:02:35.000Z,,"(Shaking My Damn Head)

YUP...He Said ERECTION So I Guess They Are Going To Just Sit There And Act Like He Didn't Say What He Just Said 🤔

#RaphaelWarnock #HerschelWalker #AbortionBan #AbortionRights #AbortionIsHealthcare #AbortionRightsAreHumanRights #WomensRightsAreHumanRights https://t.co/AzLGEMO5W9",-0.9983591437339783,Strongly Negative
152,2022-11-23T06:51:06.000Z,Asia,the patriarchy blows 🫧 #thepatriarchyblws #fuckthepatriarchy #prochoice #AbortionIsHealthcare #abortionrights #EqualityForAll https://t.co/5wUl3qUIoe,-0.9974115490913391,Strongly Negative
153,2022-11-23T06:47:11.000Z,Asia,girls just wanna have fundamental human rights love 🫶🏼💖✨ #girlsjustwannahavefun #fallfashion #AbortionIsHealthcare #abortionrights #TikTok #TikTokviral https://t.co/HCyWD90GfE,-0.9934210181236267,Strongly Negative
154,2022-11-23T06:19:09.000Z,Asia,"Dr Dalvie demonstrating to participants how a Manual Vaccum Aspiration (MVA) works for terminating an unwanted pregnancy. 
#safeabortion
#AbortionRightsAreHumanRights #AbortionIsHealthcare #MVA #abortionwithoutborders https://t.co/op9laTSDhL",-0.9914405345916748,Strongly Negative
155,2022-11-23T06:16:46.000Z,"Mashonaland Central, Zimbabwe",Her Story!Her Choice Matters! #SRHR #AbortionIsHealthCare @glanyline @SAAFfund @amandarykoff @AbortionStories @NYAAF @NatAbortionFed @afrimomzim1 @MoHCCZim @HealthEduRes @wesewomen @Mukadzimunhuwo @unwomenzw @UNTrustFundEVAW @EndingVAWG @WLSAZW @sandyzenda @cloej2017 https://t.co/CD0hqqrDvZ,-0.545979917049408,Negative
156,2022-11-23T04:01:40.000Z,"Atlanta, GA ","fyi I’ve been advocating and protesting for 35 years. #LGBTQ  and #AbortionIsHealthcare and #GunControlNow

I’m proud #genx and telling me to “stick to cooking” simply doesn’t work.",-0.9995274543762207,Strongly Negative
157,2022-11-23T02:47:57.000Z,Red State Political Hell,"Know who these doctors are, ladies, and don’t entrust them with your healthcare.  #AbortionIsHealthcare 

https://t.co/NS9r8Wmj52",-0.9776625037193298,Strongly Negative
158,2022-11-23T00:33:59.000Z,,"Received meds yesterday 🖤

📌 discreet packaging

💌 https://t.co/U6oFCZJNxN

#gamotpampalaglag #pangpalaglag #pampalaglag #rotec #cytotec #cytotecoriginal #mifekit #AbortionIsHealthcare https://t.co/zZ37Dl2XWD",-0.9953391551971436,Strongly Negative
159,2022-11-23T00:20:00.000Z,New York,"We talked about the fallout from the Dobbs decision and what it means for doctors who need to defy the law in our virtual event last week with @MatthewWynia &amp; @louise_p_king. https://t.co/3xysaouEMw. Today, our guests are on @NPR. #abortionishealthcare
https://t.co/IQSRJkxddI",-0.5907130837440491,Negative
160,2022-11-22T23:55:58.000Z,,"If a woman and man are equal financial backers for an endeavour - let's say the man breaking some record climbing Mt Everest.

Both have accepted financial responsibility of failure.

But only the man's body is on the line.

This is how sex works folks.

#AbortionIsHealthcare",-0.9767646193504333,Strongly Negative
161,2022-11-22T23:50:58.000Z,"Minnesota, USA","“No one should be denied access to a safe, effective FDA-approved medication because of where they live,” Kirsten Moore, director of Expanding Medication Abortion Access Project, said in a statement. https://t.co/Hg5xPh6X37 #AbortionisHealthcare",0.8866214156150818,Strongly Positive
162,2022-11-22T23:49:02.000Z,,"Lawmakers are more worried about cells instead of children that lose their lives to gun violence in school
#AbortionIsHealthcare @mrsburden28",0.8699702620506287,Strongly Positive
163,2022-11-22T23:48:49.000Z,,"Sadly, people care more about embryos instead of the kids that live tough lives in broken systems and homes. #AbortionIsHealthcare @mrsburden28",-0.9983215928077698,Strongly Negative
164,2022-11-22T23:16:32.000Z,,People should not be traveling to other states just for abortions…  #AbortionIsHealthcare @mrsburden28,-0.9792628884315491,Strongly Negative
165,2022-11-22T23:14:47.000Z,,Why are lawmakers trying to tell people what to do with THEIR bodies!?!?  #AbortionIsHealthcare @mrsburden28,-0.996277391910553,Strongly Negative
166,2022-11-22T22:30:00.000Z,,Oh shit #AbortionIsHealthcare bs https://t.co/9CfyIV49DY,-0.9966758489608765,Strongly Negative
167,2022-11-22T21:28:37.000Z,United Kingdom,#AbortionIsHealthcare,-0.9685888290405273,Strongly Negative
168,2022-11-22T20:55:28.000Z,"Salem, Oregon","""There has to be some form of punishment"" for women who have an abortion, for any reason.

#AbortionIsHealthcare #TrumpisaNationalDisgrace https://t.co/epzO5Z1gtm",-0.9964279532432556,Strongly Negative
169,2022-11-22T20:46:39.000Z,,"Holy crap. It really is a war on women. 

#AbortionRightsAreHumanRights #AbortionIsHealthcare #Christianity 

Check out Jay Megan's video! #TikTok https://t.co/So3OkhzXXN",-0.9979873895645142,Strongly Negative
170,2022-11-22T19:55:45.000Z,"Nashville, TN",We have to figure this out! #abortionrights #abortionishealthcare #abortion #PowerToTruth https://t.co/m6DkDINpkP,-0.995392918586731,Strongly Negative
171,2022-11-22T19:52:39.000Z,,"https://t.co/peMrGBCvBG #LGBT #AOC #democracy #bluewave2022 #Socialism2021 #model #AbortionIsEssential #TransAwarenessWeek #antifascist #Chicago #Hiring #HIRINGNOW #DemocracyNotAutocracy  #AbortionIsHealthcare #Communist #communismwork
#Ukraine #UkraineWar https://t.co/aZWvVFT6GC",-0.9928194880485535,Strongly Negative
172,2022-11-22T19:40:34.000Z,United States,"Sometimes I truly love people. This is one of those times. 

Pilots fly patients to obtain #abortions across state lines.  ⁦@WBEZ⁩ #AbortionIsHealthcare  https://t.co/Nq81Q1hdnr",-0.9495061039924622,Strongly Negative
173,2022-11-22T19:02:18.000Z,MT,"""there has to be some form of punishment."" - Donald Trump

#abortionrights
#abortionishealthcare https://t.co/ERjORi38Wi",-0.996932864189148,Strongly Negative
174,2022-11-22T18:01:00.000Z,Global,"Want to learn about FIGO's Advocating for #SafeAbortion Project? ✊

Read our compendium with insights from member societies in Africa &amp; Latin America on the role of doctors as advocates to improve access to safe abortion. #AbortionIsHealthcare

➡️ https://t.co/GhderBhKxF https://t.co/KPAHeFN26P",0.9919447302818298,Strongly Positive
175,2022-11-22T17:44:25.000Z,,"My private client paid meds today✨

For interested kindly message me thru:
fb:https://t.co/AOaX4S8cw0
https://t.co/iDoTjo1zcX
Viber/tele: 09923119073

#pampalaglag #abortionpills #rotec #misoprostol #abortionph
#AbortionIsHealthcare #internationalabortion #ofw https://t.co/1kdg7a36hP",-0.9962974190711975,Strongly Negative
176,2022-11-22T17:34:00.000Z,,"Tourist 6 today Tuesday https://t.co/KJBVeYfz5E
#LGBT #AOC #democracy #bluewave2022 #Socialism2021 #model #AbortionIsEssential #TransAwarenessWeek #antifascist #Chicago #Hiring #HIRINGNOW #DemocracyNotAutocracy  #AbortionIsHealthcare #Communist #communismwork
#Ukraine #UkraineWar https://t.co/fyv3eqU4gd",-0.9887385368347168,Strongly Negative
177,2022-11-22T17:33:19.000Z,"Washington, DC","Bogna today Tuesday https://t.co/peMrGBTyDG
#LGBT #AOC #democracy #bluewave2022 #Socialism2021 #model #AbortionIsEssential #TransAwarenessWeek #antifascist #Chicago #Hiring #HIRINGNOW #DemocracyNotAutocracy  #AbortionIsHealthcare #Communist #communismwork
#Ukraine #UkraineWar https://t.co/Sh3yQbduLb",-0.9935006499290466,Strongly Negative
178,2022-11-22T17:32:12.000Z,,"Emilia today Tuesday https://t.co/EWGKP1VUGf
#LGBT #AOC #democracy #bluewave2022 #Socialism2021 #model #AbortionIsEssential #TransAwarenessWeek #antifascist #Chicago #Hiring #HIRINGNOW #DemocracyNotAutocracy  #AbortionIsHealthcare #Communist #communismwork
#Ukraine #UkraineWar https://t.co/MGobcTTS5z",-0.9872944951057434,Strongly Negative
179,2022-11-22T17:30:06.000Z,"Atlanta, GA","Natalia today Tuesday https://t.co/OVvLCiUAyX
#LGBT #AOC #democracy #bluewave2022 #Socialism2021 #model #AbortionIsEssential #TransAwarenessWeek #antifascist #Chicago #Hiring #HIRINGNOW #DemocracyNotAutocracy  #AbortionIsHealthcare #Communist #communismwork
#Ukraine #UkraineWar https://t.co/4wgvzuoAP7",-0.986746609210968,Strongly Negative
180,2022-11-22T17:30:01.000Z,"USA, Ohio","Last week, a judge overturned Georgia’s 6-week abortion ban ruling that two key parts of the law were “plainly unconstitutional.” This is progress, but we must keep fighting until EVERYONE has the right to exercise bodily autonomy. #AbortionIsHealthcare https://t.co/k2M85z4b69",-0.9865019917488098,Strongly Negative
181,2022-11-22T17:29:19.000Z,"USA, Ohio","Karina today Tuesday https://t.co/zZlkCSZR72
#LGBT #AOC #democracy #bluewave2022 #Socialism2021 #model #AbortionIsEssential #TransAwarenessWeek #antifascist #Chicago #Hiring #HIRINGNOW #DemocracyNotAutocracy  #AbortionIsHealthcare #Communist #communismwork
#Ukraine #UkraineWar https://t.co/5iIPPEMbZH",-0.9903709292411804,Strongly Negative
182,2022-11-22T17:23:00.000Z,"USA, Ohio","This week on the podcast @Patricedamato shares with us a nurse's perspective of abortion and the consequences of anti-abortion laws. 

Tune in wherever you listen to podcasts.

#abortion #abortionrights #abortionishealthcare  #podcastforwomen #inspirationalpodcast https://t.co/h2FQGA7KxX",0.7153807282447815,Positive
183,2022-11-22T16:56:07.000Z,"USA, Ohio","A father neglects a child he's a deadbeat, however if a mother aborts a child then she's pro-choice. #TheySwoopedOnYou #prochoice #AbortionRightsAreHumanRights #abortionishealthcare #abortionrights",-0.9862175583839417,Strongly Negative
184,2022-11-22T16:54:36.000Z,"USA, Ohio","If your fetus stopped developing at 15w, if your body partially delivered an expired fetus, if you develop a clot in your placenta, or if you chose to terminate your pregnancy, you end up on the same table in the end. Stop morality policing healthcare.
#abortionishealthcare",-0.9989535808563232,Strongly Negative
185,2022-11-22T16:28:45.000Z,,"Proof of onhand✨✔️
October 22,2022

Hi Im Bella Meds From Team Zein! Willing to Help You if you have unwanted pregnancy‼️Just Direct Message me✨
Viber:09923119073

#pampalaglag #abortionpills #rotec #misoprostol #abortionph
#AbortionIsHealthcare #internationalabortion #ofw https://t.co/FZLNsWNtXt",-0.9906764030456543,Strongly Negative
186,2022-11-22T15:05:32.000Z,Delaware/Miami/Shawnee lands,My other socials where I am also margarchivist: Insta and Hive. Come say hi! #librarytwitter #CritCat #MLIS #YALit #TransRightsAreHumanRights #BLM #AbortionIsHealthcare #AdopteeAlly #AltAc #twitterstorians #DisabilityRights #bookstagram #Genealogy #cataloging #radCat #loveIsLove,-0.9943547248840332,Strongly Negative
187,2022-11-22T15:02:21.000Z,,"“#SouthAsians view family as so important. People have very personal experiences with their reproductive health choices, and I think they want to fight to protect those."" - Amrita Doshi (@southasiansoar)

#AbortionIsHealthcare #AAPIMovement

https://t.co/h48okha0lo",-0.8318756818771362,Strongly Negative
188,2022-11-22T14:56:57.000Z,"Buffalo, NY",The Schuyler Sisters and I support #ReproductiveJustice! #AbortionIsHealthcare #Ham4Choice @Lin_Manuel https://t.co/tiHy9uxL28,-0.9784292578697205,Strongly Negative
189,2022-11-22T14:30:31.000Z,"Baltimore, Maryland, USA",Has anyone filed a malpractice suit yet against docs whose refusal to provide miscarriage care results in adverse health outcomes? #abortionishealthcare,-0.9973318576812744,Strongly Negative
190,2022-11-22T14:04:27.000Z,"Atlanta, GA","Just found out the law firm that got Roe over turned is filling a lawsuit to ban the abortion pill. After that, they'll ban birth control. I hate it here. Why is it anyone's business if I want to terminate a pregnancy? #abortionishealthcare",-0.9993594288825989,Strongly Negative
191,2022-11-22T14:00:01.000Z,,"Learn the key definitions and terminologies surrounding #abortionrights in our new action guide! 

#abortion #abortions #abortionisahumanright #abortionrightsarehumanrights #abortionishealthcare #reproductiverights #reproductivejustice #mybodymyrights #mybodymychoice #prochoice https://t.co/qxNX139j7t",-0.9787324070930481,Strongly Negative
192,2022-11-22T13:19:24.000Z,"Nyc
",Mike Pence is proud that he was part of an administration that returned justice to life.   Except for those people senselessly murdered by the insurrections who were part of and supporters of the administration?  Go to hell #MikePence #AbortionIsHealthcare,0.9987996816635132,Strongly Positive
193,2022-11-22T12:35:23.000Z,"Danville, Indiana ","Reminder: Green Bandanas represent LEGAL ABORTION. #MareaVerde #GreenWave 💚💚💚💚💚

Oral arguments are scheduled for January to determine if abortion will continue to be CRIMINAL and ILLEGAL in Indiana. #AbortionIsHealthcare not a debate. 💚💚💚💚💚 https://t.co/Tl9sPEAL4S",-0.9923072457313538,Strongly Negative
194,2022-11-22T12:05:12.000Z,,"Service is the rent we pay for room on this earth 
-Ms. Shirley Chisholm

#healthcare #activism #BLM #HumanRights #solidarity #MutualAid #Feminism #IntersectionalFeminism #intersectionality #abortion #ReproductiveRights #RoeVWade #AbortionIsHealthcare #BlackLivesMatter #GenZ",-0.9764984250068665,Strongly Negative
195,2022-11-22T11:21:20.000Z,"Lungsod ng Maynila, Pambansang","Looking for help? I got you,fam.
I'm a legit seller of meds.
i'll guide you 'til success.
Meds ain't cheap, beware of fakes.

https://t.co/ZiiOIk09nY

🏷️wts wtb wtt fs lf lfb lfs pasabuy #pampalaglag #AbortionIsHealthcare #abortionclinic #abortionmanila #planb #ecp #misoprostol https://t.co/sKlK5C8K2s",-0.7606165409088135,Strongly Negative
196,2022-11-22T11:07:44.000Z,,"NOVEMBER 22
Shipments/Waybills! 

Are you pregnant but not sure? Just message me, we always have on hand!📲💊 #pampalaglag #pamparegla #pampahilab #abortionpills #gamotnapampalaglagngbata #pampalaglagnagamot #teamnadz #Misoprostol #rotec #cytotec #AbortionIsHealthcare https://t.co/F6fwuzAeC6",-0.990215539932251,Strongly Negative
197,2022-11-22T09:01:36.000Z,"Dublin, Ireland","""Vulnerable people would ""continue to be criminalised"", while those who can afford to travel to clinics elsewhere in Europe would continue to do so.""

The reforms in Malta do not go far enough - #abortionishealthcare and must be accessible to all 

https://t.co/bAaUaZ7xca",-0.9736645817756653,Strongly Negative
198,2022-11-22T08:58:24.000Z,,"The latest news on abortion rights wordwide, check DIY ABORTION! https://t.co/24D2EuZL5f Thanks to @Abortion_Rights #abortionishealthcare #freesafelegallocal",-0.9893330335617065,Strongly Negative
199,2022-11-22T06:13:49.000Z,,"Proof of onhand today!!!

grab our November sale price now!!! dm me agad sa messenger for faster reply 🤗

https://t.co/U6oFCZJNxN

#pampalaglag #gamotpampalaglag #AbortionIsHealthcare #abortionpills #Misoprostol #cytotec #cytotecoriginal #planbpills #Legit https://t.co/rAdCNM8jhB",-0.9982298016548157,Strongly Negative
200,2022-11-22T05:47:16.000Z,Australia,"In light of Universal reproductive rights and healthcare being re-explored in Australia (https://t.co/VrH197GZ6L) and WA (https://t.co/ZG7TErfDUm) we have a look at different states jurisdictions about abortion. info from @childrenXchoice 

#abortionrights #AbortionIsHealthcare https://t.co/X6DMMuAQXv",0.9935662150382996,Strongly Positive
201,2022-11-22T04:59:24.000Z,Pac NW,"This is happening due to vague abortion ban laws which no one can define, and Drs. are in fear of being arrested.
https://t.co/80jW15Kthe
#abortion #roevwade #AbortionIsHealthcare #prochoice #abortionrightsarehumanrights 
#codifyroe #codifyroevwade",-0.9980720281600952,Strongly Negative
202,2022-11-22T04:56:57.000Z,Tennessee,"“And now, apparently, even the capacity for pregnancy is a crime in Etowah.""
#abortion #roevwade #AbortionIsHealthcare #prochoice #abortionrightsarehumanrights 
#codifyroe #codifyroevwade
https://t.co/whNp93KAax",-0.996868908405304,Strongly Negative
203,2022-11-22T03:46:04.000Z,,"My fellow TN doctors, @nikkizitemd @hmaune6681, and I responded to the @propublica article about the #Tennessee abortion ban with this press release this morning. Thanks @protectmycare for sharing our thoughts with the press. #AbortionIsHealthcare #reproductivehealth #MedTwitter https://t.co/RJCun1TjS0",0.9355698227882385,Strongly Positive
204,2022-11-22T03:38:31.000Z,,"📌 DM to inquire 
Thank you for continuously trusting Fey Meds and Team Nadz‼️

Abortion Pills Sellers since 2019💯

 #pampalaglag #pamparegla #pampahilab #abortionpills #gamotnapampalaglagngbata #pampalaglagnagamot #teamnadz #Misoprostol #rotec #cytotec #AbortionIsHealthcare https://t.co/lK3a25CrsK",-0.9815158843994141,Strongly Negative
205,2022-11-22T03:31:49.000Z,,"The GOP-packed Supreme Court reversed Roe v. Wade, so the time is NOW to protect abortion rights for all! 

Sign the @MoveOn petition to protect legal, safe, &amp; accessible abortions as essential health care! 👇 #AbortionIsHealthcare!  https://t.co/bpNULBPqex",-0.9509493112564087,Strongly Negative
206,2022-11-22T03:00:41.000Z,"Puerto Vallarta, Mexico","The Decriminalisation of Abortion in Mexico by Mexfam 
https://t.co/VtaxLMorDi #Mexico #abortion #AbortionIsHealthcare #AbortionAccess https://t.co/h5L4lrF4xi",-0.9932228326797485,Strongly Negative
207,2022-11-22T02:38:05.000Z,Orange & San Bernardino Counties,"Everyone deserves equal access to healthcare, and we are here to fight for it! 
#Repost 🎨 @sarah_epperson_  

#BansOffOurBodies #healthcare #AbortionIsEssential #abortionaccess  #abortionishealthcare https://t.co/i2Q4TXsMAl",-0.997697651386261,Strongly Negative
208,2022-11-22T02:17:47.000Z,,"Proof of payment ✨

No raspa needed and free shipping plus 300 pesos sale this month habol na guys! Dm me for inquire
Fb:https://t.co/j5mAH1tI8c
Viber\telegram: 09923119073

#pampalaglag #abortionpills #rotec #misoprostol #abortionph
#AbortionIsHealthcare #internationalabortion https://t.co/4CkEz2aRPK",-0.9959357976913452,Strongly Negative
209,2022-11-22T02:16:33.000Z,,"Received meds✔️

100% legit, safe and effective. No raspa need, free shipping and fully guided. Just dm me for inquire!
https://t.co/AOaX4S8cw0
https://t.co/j5mAH1tI8c
Viber\telegram: 09923119073

#pampalaglag #rotec #abortionph
#AbortionIsHealthcare #internationalabortion https://t.co/rpkvI1ULyw",-0.6789861917495728,Negative
210,2022-11-22T01:56:47.000Z,United States,The chart that explains the 2022 US election #shorts https://t.co/KaAT6OB8Y7 via @YouTube.  Thank #CorruptSCOTUS for giving the Dems the Senate and BARELY losing the house! #RoevemberXIV #RoeVsWade #AbortionRightsAreHumanRights #AbortionIsHealthcare #WomensRightsFirst,-0.9810003042221069,Strongly Negative
211,2022-11-22T00:21:03.000Z,United States,"Stop the attempted #HIPAA violations to push sham lawsuits against physicians who offer full-spectrum reproductive #healthcare. #abortionishealthcare 
https://t.co/6AzExwg4iG",-0.992463231086731,Strongly Negative
