,timestamp,location,text,sentiment_score,sentiment
0,2022-11-25T14:56:48.000Z,,"Abortion is murder, and it always has been. Size doesn’t affect the humanity of a person #prolife #antiabortion #ProLife #prolifegeneration #unbornlivesmatter https://t.co/PVTKKu2ioY",-0.9988017082214355,Strongly Negative
1,2022-11-22T14:14:11.000Z,Manchester NH,"Who is the man that brought us the end of #RoeVWade?  
President Donald John Trump.  
For that, we must be eternally grateful. 
Thank you, Mr. President.  
#NHPolitics #ProLife #UnbornLivesMatter https://t.co/s4VwjENvZQ",0.9983595013618469,Strongly Positive
