,timestamp,location,text,sentiment_score,sentiment
0,2022-11-26T23:12:13.000Z,"Kenosha, WI","🗣 LINK IN BIO‼️THE LATEST NEWS, HEALTH, MENTAL HEALTH, POLITICS, RACE ISSUES, RECIPES, AND MORE RIGHT NOW! VIDEO NEWS &amp; MORE! UP-TO-DATE INFO‼️#news #breakingnews #politics #race #crt #abortionrights #videos #cnn #finance #FreedomOfSpeech
https://t.co/cX8dUQ9PTi",-0.8041134476661682,Strongly Negative
1,2022-11-26T22:50:41.000Z,Currently Dallas area,"🗣 LINK IN BIO‼️THE LATEST NEWS, HEALTH, MENTAL HEALTH, POLITICS, RACE ISSUES, RECIPES, AND MORE RIGHT NOW! VIDEO NEWS &amp; MORE! UP-TO-DATE INFO‼️#news #breakingnews #politics #race #crt #abortionrights #videos #cnn #finance #FreedomOfSpeech
https://t.co/cX8dUQ9PTi https://t.co/t9htCprkos",-0.8957245945930481,Strongly Negative
2,2022-11-26T22:29:31.000Z,,"Antiabortionist in red states think they have won. Nope.
#abortionrights #RoeVWade #abortionishealthcare https://t.co/j1X5yyfBgJ",-0.9962085485458374,Strongly Negative
3,2022-11-26T22:02:42.000Z,"Mill Valley, CA",#abortionrights #NativeAmerican On a reservation tribal law supersedes State and Federal laws. Each of these reservations has the potential for having an abortion clinic. So many potential safe havens https://t.co/MheiWjAljJ,-0.9588451981544495,Strongly Negative
4,2022-11-26T20:31:54.000Z,"Portland, OR","I can’t hold a phone still, even when I’m not climbing a hill. This is Lynn Brown being awful and pestering patients #abortionrights #greenvillesc https://t.co/WVCj1Y7MQg",-0.9987653493881226,Strongly Negative
5,2022-11-26T20:11:38.000Z,"Washington, D.C.","Hello dearest #Georgia!❤️
Early #voting starts now.
Please go vote for the #Democrats!
We got your back #America!
#Gas today despite #Inflation: $3.57 per gallon. 
#JoeBiden 
#KamalaHarris 
#AbortionRights 
#InfrastructureBill #Jobs 
#CNN #FoxNews #MSNBC 
#Republicans #GOP #MAGA https://t.co/9fxrkAO858",-0.982448160648346,Strongly Negative
6,2022-11-26T20:00:03.000Z,World Wide Web,"It's called femicide! Act now!

#BodilyAutonomy
#AbortionIsSacred
#Abortion 
#AbortionRights
#Dodd
#VetsRiseForRoe https://t.co/bX3RQrgCel",-0.9949133396148682,Strongly Negative
7,2022-11-26T19:12:07.000Z,,"The Political Ad Women Had Been Waiting For (Video)

Katie Darling speaks about LA's abortion ban and the lack of support it gives poor pregnant women while showing actual footage of her going thru labor

https://t.co/SL3zIbjVAM

#abortionrights #abortionishealthcare
#healthcare",-0.9982692003250122,Strongly Negative
8,2022-11-26T17:37:51.000Z,,"If you want to see DOOMED AMERICA'S idea of #healthcare just watch the last 10-12 minutes of Episode 1 of #halfbad on #Netflix 

#surgeries #CovidIsNotOver 
#abortionrights 
#HealthyNation 
#witchcraft 
#mentalhealthday 
#TherapistTwitter  (The/Rapist) it is right there! https://t.co/MnI1hGb1tA https://t.co/SRYMMbDeP7",-0.9763879776000977,Strongly Negative
9,2022-11-26T17:12:59.000Z,,"Nobody needs an abortion until they need an abortion.  Those not needing an abortion should probably shut the fuck up. 
#abortionrights 
#prochoice
#WomensRightsAreHumanRights",-0.996631920337677,Strongly Negative
10,2022-11-26T16:59:29.000Z,London,"In the session on the global fight for #abortionrights, hearing from Natalia Tylim of @tempest_mag on the struggle in the United States and how it relates to wider socialist organising.

#AllTheRage #SocialistFeminism #Feminism #Socialism",0.963916540145874,Strongly Positive
11,2022-11-26T16:58:15.000Z,,"No uterus, no opinion https://t.co/w9o7OiQHbq via @YouTube 
#abortionrights #abortionrightsarehumanrights #abortionishealthcare #WomensRightsAreHumanRights #womenshealth #prochoice #mindyourbusiness",-0.9966842532157898,Strongly Negative
12,2022-11-26T16:00:59.000Z,UK,Reflection... Shocked to see this... Had no idea... What do you think! #abortionrights and #RightToLive https://t.co/YCCwegVkMQ,-0.9866884350776672,Strongly Negative
13,2022-11-26T15:23:47.000Z,"Kuala Lumpur, Malaysia","Why?

#BlackLivesMatter 
https://t.co/jjTMOrZ40u

#UkraineWar
https://t.co/znmCQUfV3l
https://t.co/rTv0T2ixrB

#Biden #Trump #GQP #racism #racists #WhiteSupremacy #policebrutality #abortionrights #HumanRights #Ukrainians #Ukraine #Russia #RussiaUkraineWar #Ukrainian #Truth #Facts https://t.co/ndzOggYiEA",-0.9978262782096863,Strongly Negative
14,2022-11-26T15:01:46.000Z,,"#AAPIs view abortion not as the singular act of abortion, but as #healthcare. And in a pre-election survey, 88% of #AAPIvoters marked healthcare as a very important issue for them, showing some of the highest levels of support for #abortionrights.

https://t.co/1NPB0sUDjB",0.9865981340408325,Strongly Positive
15,2022-11-26T14:54:10.000Z,,Listen Up GOP: Abortion Cost the Party the Expected Red Wave https://t.co/EzW6RWkKhR via @cjujitsu #GOP #Republicans #redwave2022 #Midterms2022 #MidTerms #Election2022 #ElectionDay #election #Abortion #abortionrights #AbortionRightsAreHumanRights #abortionishealthcare #Politics,-0.9931970834732056,Strongly Negative
16,2022-11-26T14:39:23.000Z,,"Pro-Life Mom Ends Career Of Prominent Democrat Congressman On Live TV https://t.co/ACbX55kOP7 via @YouTube In this #abortionrights  issue, pills are at every pharmacy to end conception, why aren't these females using them after the act(s) as opposed to waiting for development.1/2",-0.9966685175895691,Strongly Negative
17,2022-11-26T14:12:26.000Z,,"Abortion protects rapists more than the raped. #abortionrights #abortion 

https://t.co/0vjlmXRMHu",-0.9040625095367432,Strongly Negative
18,2022-11-26T13:32:28.000Z,Metro Manila,"No to SCAM 
Yes to LEGIT ❤️

Message me directly if interested
For a faster transaction
Fb: Chelcy Lawrence 
https://t.co/9kD6nWfYNz
Click the link of my fb acc
#abortionrights #AbortionRightsAreHumanRights #AbortionIsHealthcare #pampalaglagmagamot https://t.co/kKvB88OtQe",-0.9970806241035461,Strongly Negative
19,2022-11-26T11:15:32.000Z,Ireland,"Para Savita e todas as outras mulheres que foram vítimas do controle da Igreja e do Estado sobre nossas vidas, dizemos: NUNCA MAIS.
Separate church and state. 
#abortionrights #abortionishealthcare #AbortionRightsAreHumanRights",-0.9838518500328064,Strongly Negative
20,2022-11-26T07:33:07.000Z,"Indianapolis, IN","We Need You Again #Georgia 

#RaphaelWarnock #Runoff #AbortionRights #AbortionIsHealthcare #AbortionRightsAreHumanRights #RoeVWade #VoteBlue2022 #VoteBlueToSaveAmerica #VoteBlueOrWeAreScrewed #VoteBlueNoMatterWho #VoteBlueToSaveDemocracy 
https://t.co/QxEvWJdzmH",-0.9934473633766174,Strongly Negative
21,2022-11-26T05:49:40.000Z,Parts Unknown ,#abortionrights #abortionishealthcare #AbortionRightsAreHumanRights #abortionwithoutborders #abortionshoulbeillegal #abortion https://t.co/iO9kLz4NZ5,-0.9927619099617004,Strongly Negative
22,2022-11-26T01:59:18.000Z,"Texas, USA","France is pushing to have the right to an abortion a constitution right. The French don't play. Viva La France! 
Wonder if the USA Republican Monoploist Oligarchs would try to take our vote away? Wait, why yes they are. Supreme Court Moore v Harper.  #abortionrights #RoeVWade",-0.9929869771003723,Strongly Negative
23,2022-11-26T01:24:32.000Z,,"I am the pro life generation. Anyone who is triggered by this can take their attitudes elsewhere.
#abortionrights #prolife #abortionismurder
#antiabortion #abortionshoulbeillegal #abortion",-0.9984706044197083,Strongly Negative
24,2022-11-26T00:04:27.000Z,"Pennsylvania, USA","Scary statistic now that abortion is illegal in many states,

""Over one-third of sexually active teens became pregnant at least one time before they reach age 20.”

#AbortionRightsAreHumanRights #abortionrights #abortion #teenpregnancy",-0.9883649349212646,Strongly Negative
25,2022-11-25T23:56:50.000Z,"Los Angeles, CA",My opinion on #Abortion Every black person in a America should be against abortion . We are killing our own  #AbortionRights https://t.co/lSllW0g43p https://t.co/TR9b1nqn2V,-0.9986401200294495,Strongly Negative
26,2022-11-25T23:41:29.000Z,"Pennsylvania, USA","#LameDuck #Priorities
- #ElectoralCount Act
- Multiple #GunViolence #Protections
- #ReproductiveRights
- #UkraineAid
- #ElectionReform
- #DebtCeiling extended

.@SenSchumer .@All100Senators .@SenatorDurbin .@SenAmyKlobuchar #AbortionRights #ProtectDemocracy #AssaultWeaponsBan",-0.991260826587677,Strongly Negative
27,2022-11-25T20:21:41.000Z,"Chicago, IL","This release will pump your blood faster and higher and motivate you to win this #BlackFriday! It's pure fire what @TheJoy Thieves created- a  VERY IMPORTANT one as all profits go to the National Network of #abortionrights Funds. PLEASE SUPPORT!🖤🖤🖤
https://t.co/mbC3hgsWla",0.9990788698196411,Strongly Positive
28,2022-11-25T20:17:33.000Z,"South Bend, IN 46660","The Supreme Court of Georgia decided on Wednesday that a ban on abortions after six weeks of pregnancy may remain in effect while the state appeals a lower court judgement knocking it down.
#RiseTVGlobal #Georgia #BanonAbortions #Pragnancy #PlannedParenthood #AbortionRights https://t.co/hvvdbPycU7",-0.9971684813499451,Strongly Negative
29,2022-11-25T20:14:13.000Z,"Columbus, GA",#abortionrights Activist: #GOP Is Demeaning https://t.co/nbln0lM9by via @YouTube Why do you want to continue to murder the unborn in the womb. Unborn lives matter.,-0.9974574446678162,Strongly Negative
30,2022-11-25T19:58:17.000Z,London,"Today is a good day to remind those women who have terminated a pregnancy for medical reasons that whilst we will experience so many feelings around this heartbreaking decision, shame should not be one of them. #abortionrights #tfmr https://t.co/jBDRPR8PfM",0.9952865839004517,Strongly Positive
31,2022-11-25T19:21:11.000Z,"Utah, USA",What pro-lifers think aborted fetuses look like: #abortionrights #mybodymychoice https://t.co/7bV2eHwN7J,-0.9953386783599854,Strongly Negative
32,2022-11-25T19:18:08.000Z,,"#Resisters - please don’t stop talking about how Herschel Walker is a fraud who is happy to pay for abortions for women he fucked and threw away, but wants to take away everyone else’s #AbortionRights.  He doesn’t see women as his equal because #WalkerHatesWomen.",-0.9946101903915405,Strongly Negative
33,2022-11-25T19:06:54.000Z,,"If America is the land of the free, why can’t women get abortions? #abortionrights #AbortionRightsAreHumanRights #womenrights",-0.9866483807563782,Strongly Negative
34,2022-11-25T18:43:42.000Z,"Geneva, Switzerland",French Lawmakers Back Bill to Enshrine Abortion Rights in Constitution https://t.co/ylAqR5RgUM #AbortionRights #France https://t.co/HunBhEmQRV,-0.9797893762588501,Strongly Negative
35,2022-11-25T17:42:16.000Z,Michigan USA,"What we know (and don't know) about how abortion affected the midterms 
#Abortion #AbortionRights  #AbortionRightsAreHumanRights  https://t.co/p4Z0rHDuTh",-0.9938980937004089,Strongly Negative
36,2022-11-25T16:42:02.000Z,UK,#abortionrights #abortions When stable genetic-siblings &amp; short social tie-marriage jobs-CLASH modernity lacks bliss https://t.co/OqT3ZLG3gp,-0.9986194372177124,Strongly Negative
37,2022-11-25T16:41:28.000Z,"Los Angeles, CA","👩🏻‍♀‍👱🏻‍♀️‍♀‍👩🏻‍🦰 #WomensRights #AbortionRights #SupremeCourtOutOfTouch #FreedomToChoose #TraitorRepublicans #WomensRightsAreHumanRights #GOPCorruptionOverCountry #GOPComplicitTraitors #RepublicansAreTheProblem #GOPBetrayedAmerica #DumpGOP #GOPDictatorParty 👎🏼 #VoteThemAllOut
🌊🌊🌊 https://t.co/jYCFGLstwk",-0.993160605430603,Strongly Negative
38,2022-11-25T16:21:25.000Z,London,"🇫🇷  👏  👏  👏
The vote in the #AssembleeNationale is the first step in enshrining #AbortionRights in #France's constitution.

#French MPs on the left &amp; center say the US #SCOTUS overturning #RoeVWade showed the need for new steps.
https://t.co/PvkLzu1a6e",-0.977846622467041,Strongly Negative
39,2022-11-25T16:00:16.000Z,"St Paul, MN","Today is a day that aims to raise global awareness in ending violence against women, which includes #DomesticViolence  #ForcedMarriage and #AbortionRights. Everyone deserves to feel safe and have the rights over their own bodies!
Seek help: https://t.co/puUF6WsaBB https://t.co/abR0bwspFt",0.979562520980835,Strongly Positive
40,2022-11-25T15:54:44.000Z,,"""Women's Rights"" today boils down to the right to kill the unborn. And they want taxpayers to pay for it. I think a woman and her sex partner(s) should be responsible for the bill and not everyone. If you can't afford it then don't do the deed. 
#abortionrights",-0.996129035949707,Strongly Negative
41,2022-11-25T15:52:39.000Z,,"Disgusting, Anti Abortion nuts in #uk are using poor #DownSyndrome patients to infringe on #WomensRights &amp; #abortionrights !Like our Heartless Selfish rabid #Christian #Antiscience Handmaiden who had 5 babies &amp; decided to give birth to poor Benjamin @ 40 plus. #scotus #cnn #msnbc https://t.co/iSFd181ovn",-0.9984523057937622,Strongly Negative
42,2022-11-25T15:31:55.000Z,"Dover, New Jersey ",Governments should respect fundamental individual privacy rights as well as they respect privacy rights of the homeless. #HumanRights #abortionrights #WorldCup #LGBTQIA #FreeSpeech https://t.co/TlVnMoWPl3 Happy Thanksgiving! #Foodcoma #Homeless,-0.9801560640335083,Strongly Negative
43,2022-11-25T15:07:36.000Z,"Puerto Vallarta, Mexico",Mexican Networks Ramp Up Help for US Women Seeking Abortions https://t.co/ThiGaAr2mv #Mexico #PuertoVallarta #Jalisco #Nayarit #abortion #abortionishealthcare #abortionrights #abortionisahumanright #abortionaccess https://t.co/INUAg0iL5g,-0.9701133370399475,Strongly Negative
44,2022-11-25T15:00:00.000Z,,"Understand the legal framework behind #abortion laws. We break it down in our action guide! 
#abortions #abortionrights #abortionrightsarehumanrights #abortionishealthcare #reproductiverights #mybodymychoice #prochoice #roevswade https://t.co/IT6ePgjpa3",-0.9951596856117249,Strongly Negative
45,2022-11-25T14:57:30.000Z,"Mississauga, Ontario",UK Woman with Down’s syndrome loses court of appeal #abortion law case. Sher had argued allowing abortion right up to birth when fetus may have health complications is discriminatory as the law makes others like her feel of lesser value #abortionrights  https://t.co/pzr1Lo5f0i,-0.9930688142776489,Strongly Negative
46,2022-11-25T14:56:48.000Z,,"payment received today!!!

habol na sa sale mga mimaaa

💌 https://t.co/U6oFCZJNxN

#pampalaglag #pangpalaglag #cytotec #Mifekit #abortionrights #international #ShopeePromo1111 https://t.co/IGmxFyYi6S",-0.993339478969574,Strongly Negative
47,2022-11-25T14:44:13.000Z,Baguio City,"Sa mga hindi ready maging momshie, pm or text nyo ako I can help you. 
09122841346
#cytotec #baguiocity #pampalaglag #pamparegla #abortionrights",-0.9960595369338989,Strongly Negative
48,2022-11-25T14:15:32.000Z,Etats-Unis,"Holiday lights and abortion rights shirt 
#abortionrights #feminist #WomensRightsAreHumanRights #AbortionRightsAreHumanRights
#abortionwithoutborders
https://t.co/qCjN1nDMOH https://t.co/2a7aKoknTY",-0.9910411238670349,Strongly Negative
49,2022-11-25T13:55:02.000Z,Mars,"To kill or not to kill, is the question. #prochoice #abortionrights #Feminism #Republican #Liberals #Conservatives #Federalism #religions 

The system is watching.",-0.9681049585342407,Strongly Negative
50,2022-11-25T13:55:01.000Z,Illinois,"4 Reasons Why You Should Be Selling During T̡he Holidays. 🤲

#sisters #abortionrights #abortionishealthcare #womenlifefreedom #votebluenomatterwho #bluetsunami #xtz #cleannft 

https://t.co/BG1ZVkKeEe",-0.9958035349845886,Strongly Negative
51,2022-11-25T11:17:53.000Z,,"Today is day 1 of the 16 Days of Activism Against Gender-Based Violence, and our first way to reduce gender-based violence is to provide access to safe abortion to everyone.

#16DaysOfActivism #Abortion #SafeAbortion #AbortionRights https://t.co/eSnRloKMIk",0.787326455116272,Strongly Positive
52,2022-11-25T10:53:27.000Z,JAPAN/FRANCE,"This is the France I know!
The France who takes care of its people!
Let’s send hope and and fuel to all women around the world so they can make sure that they will be safe in their countries.
Vive la France ! 🇫🇷 
Vive les femmes 👭👭👭

#abortionrights #AssembléeNationale #IVG https://t.co/qqIaU8q4Nf",0.9953511953353882,Strongly Positive
53,2022-11-25T10:32:36.000Z,"Pune, India","Indie Journal brings you the daily updates that the internet is talking about. Here's a glance through some of the National and International news updates.

#IndiaAtUN #IranProtests #AssamMeghalayaConflict #SaudiArabia #France #AbortionRights 

https://t.co/Kvlhk0pRBI",0.9789416790008545,Strongly Positive
54,2022-11-25T09:30:00.000Z,,"#Abortion #Georgia #AbortionRights

https://t.co/MaAev2cuXl",-0.9952728152275085,Strongly Negative
55,2022-11-25T06:48:40.000Z,,"Waybills/Shipments! Thank you for trusting!

Pregnant but not yet ready? Just message me!📲 #pampalaglag #pangpalaglag #pamparegla #pampahilab #planb #abortionpill #unwantedpregnancy #teamnadz #Misoprostol #gamotpampalaglag #rotec #cytotec #AbortionRights https://t.co/Mh4hBo1rN6",-0.9982024431228638,Strongly Negative
56,2022-11-25T06:40:13.000Z,,"1 month success client from TEAM ZEIN💯 Rotec Misoprostol 200mg!! Pm for inquiries

#pampalaglag #gamotpampalaglag #pampalaglagpills #abortionpills #safepills #AbortionRights #bbcqt #Brazil #Portugal #Dubai #Philippines https://t.co/D61pT5MXec",-0.9791148900985718,Strongly Negative
57,2022-11-25T05:07:38.000Z,"Kolkata (Calcutta), India","গর্ভপাতের অধিকারে সিলমোহর ফ্রান্সের 
#WorldNews #france #abortionrights  https://t.co/Hq0IELHsvM",-0.9718825817108154,Strongly Negative
58,2022-11-25T03:01:41.000Z,Republic of the Philippines,"#AbortionRights 
#legitseller
#pampalaglag https://t.co/vMDvtcRNj0",-0.9953586459159851,Strongly Negative
59,2022-11-25T02:55:48.000Z,"Florida, Peru","“To be surrounded by hundreds of people that give a shit”￼ is the perfect definition of why I am drawn so hard to #protesting. #AbortionRights 
@MSNBC https://t.co/9ZNRuniclc",-0.9745405316352844,Strongly Negative
60,2022-11-25T02:41:21.000Z,The Moon.,"Got to thinking.
If you don't want a baby right now, make your man use a condom.
If he refuses, you don't have sex.
If he tries anyways, that's what the 2nd Amendment is for.
#AbortionRights #AbortionRightsAreHumanRights 
#secondamendment #AR15 #GunViolence",-0.9824770092964172,Strongly Negative
61,2022-11-24T23:49:31.000Z,"Minneapolis, MN","Thankful for Abortion Access @AbortionFront , had to let the @Vikings know that abortion is healthcare ✊🏻 #AbortionIsHealthcare #AbortionRights https://t.co/PAtU73b3qP",-0.9934502840042114,Strongly Negative
62,2022-11-24T23:09:17.000Z,,"Let's see how quickly @POTUS moves on this.  People who care should mark every day he doesn't take action. 
🇫🇷 No more excuses.  #RoeVWade #AbortionRights 

French lawmakers approve bill enshrining abortion rights in the constitution 
https://t.co/BI0uSFM6un via @FRANCE24",-0.9976983666419983,Strongly Negative
63,2022-11-24T22:56:37.000Z,,"MEDS RECEIVED 🖤

free shipping nationwide kami🎉

for inquires, direct message me on messenger
💌 https://t.co/U6oFCZJNxN

#pangpalaglag #AbortionRights #abortionpills #cytotecoriginal #cytotec #Misoprostol #pampalaglag #pampalaglagnagamot #international #rotec https://t.co/bWxuRtztkp",-0.9977911710739136,Strongly Negative
64,2022-11-24T22:14:26.000Z,,"Today, the French parliament overwhelmingly voted to protect abortion and contraception  rights by inscribing it into the constitution 🇫🇷 ❤️Hoping for our American friends to do the same! #AbortionRights

https://t.co/kBfhZ4VVUK",-0.9688620567321777,Strongly Negative
65,2022-11-24T22:05:31.000Z,London ✈ wherever I need to be,"Very proud of what's unfolded in France today: the National Assembly voted for including #AbortionRights in the 🇨🇵 Constitution (abortion is legal in France since 1975). Upper house still firmly against, but a huge moment for #womenrights all the same ✊🏾
https://t.co/70APIz3AEU",0.9937617182731628,Strongly Positive
66,2022-11-24T20:13:55.000Z,"Los Angeles, CA","👩🏻‍♀‍👱🏻‍♀️‍♀‍👩🏻‍🦰 #WomensRights #AbortionRights #SupremeCourtOutOfTouch #FreedomToChoose #TraitorRepublicans #WomensRightsAreHumanRights #GOPCorruptionOverCountry #GOPComplicitTraitors #RepublicansAreTheProblem #GOPBetrayedAmerica #DumpGOP #GOPDictatorParty 👎🏼 #VoteThemAllOut
🌊🌊🌊 https://t.co/BBE0RWIG9y",-0.9928702712059021,Strongly Negative
67,2022-11-24T20:10:47.000Z,,Passing through the birth canal doesn't endow someone with magical personhood powers - Pro-Choice is an Anti-Science Cult https://t.co/Aths9mmO2M #abortionrights #Writer #ThursdayMotivation,-0.9976567029953003,Strongly Negative
68,2022-11-24T19:37:25.000Z,,French lawmakers approve bill enshrining #AbortionRights in the constitution https://t.co/wT25RIdrIg via @FRANCE24,-0.9391399025917053,Strongly Negative
69,2022-11-24T19:14:36.000Z,Ministry of Truth,🇫🇷’s lower house has today voted to include the right to abortion as a Constitutional right. Now it’s off to the elected upper house. Fingers crossed. #AbortionRights,-0.9894060492515564,Strongly Negative
70,2022-11-24T18:18:17.000Z,"New York, USA",The Georgia Supreme Court reinstated the state's ban on abortions after roughly six weeks of pregnancy. #AbortionRights #SupremeCourt #Georgia,-0.8142848014831543,Strongly Negative
71,2022-11-24T16:55:44.000Z,,"French parliament votes to enshrine #abortion as constitutional right.

The Assemblée Nationale vote was in line with over 80% of the French population, who support the right to abortion.

https://t.co/4MHCRNiciT
#women #womenRights #France #prochoice #AbortionRights",0.9875181317329407,Strongly Positive
72,2022-11-24T16:45:40.000Z,Atlanta Georgia,"#PORTADA | GEORGIA RESTABLECE PROHIBICIÓN DEL ABORTO
▫️ Corte Suprema anula fallo de tribunal de Fulton y restaura la prohibición del aborto después de las seis semanas.

🔗 Más en la web: https://t.co/nLHQC6TcUP

#AbortionRights #PORTADA #AHORA https://t.co/EIhN2lPNaW",-0.9952210783958435,Strongly Negative
73,2022-11-24T16:09:14.000Z,,"My new favorite Tiktok 
#womenempowerment #AbortionRights #WomensRightsAreHumanRights

Check out Rachel Diamond's video! #TikTok https://t.co/Y2YogtkTji",-0.8542779684066772,Strongly Negative
74,2022-11-24T16:06:10.000Z,London,"The attack on #abortionrights in the US runs against the global trend. Now #Malta, the last country in Europe where #abortion was completely illegal, has seen a small but significant victory for pro-choice activists.

https://t.co/Sj5icTKG8J",0.9682005643844604,Strongly Positive
75,2022-11-24T15:56:27.000Z,Global ,I can't believe this type of antisemitic nonsense is allowed. Abortion and homosexuality are jewish values. Christianity is bigotry #thenoticing #AbortionRights #Christianity #whitepeople #BLM #Jewishandproud #proudjew https://t.co/RJaddvGsFu,-0.9942014813423157,Strongly Negative
76,2022-11-24T15:55:42.000Z,,Secretly hoping that one aunt who gets all of her news from catholic news outlets brings up #AbortionRights.,-0.9981009364128113,Strongly Negative
77,2022-11-24T15:49:44.000Z,"Paris, France","The #French National Assembly has just voted in favour of enshrining #AbortionRights in the French #Constitution. Sometimes cautionary tales work. #ProtectWomensRights 
https://t.co/PHq1hW4IpT]",-0.9839017987251282,Strongly Negative
78,2022-11-24T15:32:54.000Z,Washington,The ban prohibits abortions after roughly six weeks of pregnancy #AbortionRights #Georgia  https://t.co/e0dfnQjMUx via @HuffPostPol,-0.9899481534957886,Strongly Negative
79,2022-11-24T15:24:58.000Z,,"#AymericCaron 
#Corrida ❓

Non
Cumul des mandats des politiques français, même à gauche. #nupes❓🤫

Mais c'est pas grave, la #nupes se médiatise pour avoir voté une évidence =  #IVGConstitution 
#AbortionRights
#aborto

https://t.co/FDbdi1DWy8",-0.994458794593811,Strongly Negative
80,2022-11-24T15:12:11.000Z,,"Happy turkey day. I’m thankful for whoever made this #MAGAGA #thiccsgiving #Thanksgiving #TrumpIsALaughingStock @tedcruz @RonDeSantisFL @RepMTG @laurenboebert #accurate #terrorism #EndMaga #AbortionRights #Freedom #antichrist 

https://t.co/rZCtSXOxVN",0.9755817651748657,Strongly Positive
81,2022-11-24T15:00:03.000Z,,"Discover stories of women’s abortion experience in our action guide!

#abortion #abortions #abortionrights #abortionisahumanright #abortionrightsarehumanrights #abortionishealthcare #reproductiverights #reproductivejustice #mybodymyrights #mybodymychoice #prochoice https://t.co/MdDB2WjJwn",-0.9646531343460083,Strongly Negative
82,2022-11-24T14:37:33.000Z,"Puerto Vallarta, Mexico",Mexican Networks Ramp Up Help for US Women Seeking Abortions https://t.co/ThiGaAquwX #Mexico #PuertoVallarta #Jalisco #Nayarit #abortion #abortionishealthcare #abortionrights #abortionisahumanright #abortionaccess https://t.co/INUAg0iL5g,-0.9706266522407532,Strongly Negative
83,2022-11-24T14:27:58.000Z,,I really can’t afford any puppies right now but my dog is pregnant. Should I reach in and cut the puppies up and pull them out in pieces before sucking out their heads or is adoption a better option? #AbortionRights,-0.998101532459259,Strongly Negative
84,2022-11-24T13:18:20.000Z,,"Actions tell what people believe. If a person supports third trimester abortion and/or agrees there are hundreds of genders, I ask:

“How do you attend a friend/family members baby show or gender reveal party?” 

Answer: Abortion is selfish life conveniences #AbortionRights",-0.9886306524276733,Strongly Negative
85,2022-11-24T10:35:38.000Z,"Paris, France","Spooked by #SCOTUS? 
French lawmakers want to enshrine 1975 legalization of #AbortionRights in the constitution. Why now? Thursday #F24Debate asks if U.S. Supreme Court's rollback of Roe vs Wade is a factor. 🇫🇷⚖️🇺🇸
 https://t.co/rnNQbYcZ9Z",-0.9957542419433594,Strongly Negative
86,2022-11-24T09:48:47.000Z,London,"𝐒𝐨𝐦𝐞 𝐫𝐨𝐜𝐤𝐲 𝐫𝐨𝐚𝐝𝐬 𝐚𝐫𝐞 𝐰𝐨𝐫𝐭𝐡 𝐭𝐚𝐤𝐢𝐧𝐠.

#France : #AssembleeNationale is looking to enshrine #AbortionRights in the #French constitution.

#WomensRights  #Abortion  #Choice 
https://t.co/htcVgp7BI7",-0.9835373759269714,Strongly Negative
87,2022-11-24T09:45:02.000Z,"Hemet, CA","#Westminster will debate a petition on legal rights to #abortion access on Monday 28 November.

The petition has 166,000 signatures.
It calls on #Parliament to include #AbortionRights in the #BillOfRights.

#Choice #WomensRights 
https://t.co/juGX9jU4lO",-0.9815378189086914,Strongly Negative
88,2022-11-24T07:07:03.000Z,,Of all life on the planet Humans are the only species that intentionally kills it offspring in the womb. #abortionrights #ABORTIONS 😢,-0.9923825860023499,Strongly Negative
89,2022-11-24T06:44:08.000Z,,"#friends #foes #cousinloves #lol A$$ #Holy #Moly #Ellie #noshicker, eh! #lol #meow #Iran #MahsaAmini #Persians #Power to #Women #AbortionRights #MentalHealthMatters @Ap ⁦@Reuters⁩  ⁦@iribnews1394⁩ ⁦@BBCNews⁩ #BBC https://t.co/ynuMfQVpJz",-0.988075852394104,Strongly Negative
90,2022-11-24T04:16:12.000Z,"Texas, USA",I ask my 13 year old daughter about #abortionrights (convo was a little clunky due to camera and our youngest in an out of the room) https://t.co/wekUdqdODr,-0.9986194372177124,Strongly Negative
91,2022-11-24T04:03:14.000Z,"Fargo, ND",#AOC #AOCLovesElon #abortionrights #AbortionRightsAreHumanRights #AbortionIsHealthcare #abortionIsMurder https://t.co/xtDnjZkbZ5,-0.9922048449516296,Strongly Negative
92,2022-11-24T02:19:18.000Z,,"Package sent to Client in Lipa, Batangas

For fast reply on inquiries Call or Text 09615018016

Facebook Account:
https://t.co/pqZzDa6byB…

#misoprostol #AbortionIsHealthcare #AbortionRights #cytotec #unwantedpregnancy #safeabortion #mifepristone #pamparegla #pampalaglag https://t.co/JFdwwj8n7c",-0.9950385689735413,Strongly Negative
93,2022-11-23T23:36:07.000Z,"Dover, New Jersey ","What anyone does with their body is their business. I do what I want with my body, and I never ask anyone for permission, and I suggest everyone do the same. #liveandletlive #LGBTQRights #abortionrights https://t.co/TlVnMoWhvv",-0.9891741275787354,Strongly Negative
94,2022-11-23T23:30:10.000Z,,"This article by @ReporterRossW Williams first appeared in the @GeorgiaRecorder republished  with permission #HealthCare #ReproductiveRights #AbortionRights

https://t.co/V6PEiuL0t9",-0.996951699256897,Strongly Negative
95,2022-11-23T23:26:20.000Z,Lost In The Oregon Woods,"'Unconscionable': Georgia Supreme Court Revives 6-Week Abortion Ban.

""It is outrageous that this extreme law is back in effect, just days after being rightfully blocked,"" said one advocate.
https://t.co/lEgo0nmM5T via @commondreams #AbortionRightsAreHumanRights #abortionrights",-0.9952972531318665,Strongly Negative
96,2022-11-23T22:54:27.000Z,Atlanta,Check out Jessica Valenti's video! #TikTok https://t.co/03btO8cx9U #Alabama #abortionrights #WomensRights,-0.9746764898300171,Strongly Negative
97,2022-11-23T22:45:13.000Z,Earth and elsewhere,"US #Senate candidate challenged by #abortion accuser before runoff
https://t.co/vAvmypiKJl
#USA #GeorgiaRunoff #HerschelWalker #liar #RepublicansAreDestroyingAmerica #WarOnWomen #ProLifeHypocrites #abortionrights #AbortionRightsAreHumanRights",-0.9909365773200989,Strongly Negative
98,2022-11-23T22:01:28.000Z,"Atlanta, GA","The Georgia Supreme Court reinstated Wednesday a six-week ban on abortion in the state.
The brief, one-page order says the emergency petition filed to put a hold on a lower court ruling overturning the ban has been granted. | #GaPol #AbortionRights https://t.co/sv3relt5XS",-0.9930450320243835,Strongly Negative
99,2022-11-23T21:57:35.000Z,"Atlanta, GA",Full story https://t.co/1WvKpavEsr 🟪#abortion #abortionishealthcare #abortionrights #advocate #atlanta #briankemp #donaldtrump #humanrights #lawyer #mybodymychoice #notoriousrbg #purpleroompolitics #republican #roevwade #supremecourt #washingtondc #women #womensrights https://t.co/DnWjL3T2Cp,-0.995009183883667,Strongly Negative
100,2022-11-23T21:45:10.000Z,traveling to a new dimension,"“What is an embryo?” 

And this is why we need to support #abortionrights and #bodilyautonomy https://t.co/iu7GzdnbKB",-0.9969654679298401,Strongly Negative
101,2022-11-23T21:22:02.000Z,UK,#abortionrights #abortions When stable genetic-siblings &amp; short social tie-marriage jobs-CLASH modernity lacks bliss https://t.co/OqT3ZLnU2h,-0.9985964894294739,Strongly Negative
102,2022-11-23T20:44:39.000Z,New York 🗽🍎,"Georgia Supreme Court reinstates 6-week abortion ban. These courts are out of touch with the law and with the Americans. So women and girls who need abortions need to wait till the courts and the states decide what to do. GFY's 
#AbortionRights #CorruptCourts",-0.9934105277061462,Strongly Negative
103,2022-11-23T20:33:53.000Z,,"#georgian #geogiacourt #courtoflaw #abortionishealthcare #abortion #abortionrights #AbortionRightsAreHumanRights  #womenhealth #womenhealthcare 

The Georgia Supreme Court on Wednesday reinstated the state’s ban on abortions after six weeks of pregnancy.
https://t.co/M25fl1h48N https://t.co/rtxXRS3r1P",-0.9817634224891663,Strongly Negative
104,2022-11-23T20:30:03.000Z,"Los Angeles, CA","👩🏻‍♀‍👱🏻‍♀️‍♀‍👩🏻‍🦰 #WomensRights #AbortionRights #SupremeCourtOutOfTouch #FreedomToChoose #TraitorRepublicans #WomensRightsAreHumanRights #GOPCorruptionOverCountry #GOPComplicitTraitors #RepublicansAreTheProblem #GOPBetrayedAmerica #DumpGOP #GOPDictatorParty 👎🏼 #VoteThemAllOut
🌊🌊🌊 https://t.co/2LiO3WMggE",-0.9928085803985596,Strongly Negative
105,2022-11-23T19:37:19.000Z,New York City,"Georgia Supreme Court reinstates six-week abortion ban.

The Georgia Supreme Court reinstated the state's ban on abortions after roughly six weeks of pregnancy.

#abortion #Abortionrights #Georgia #RoeVWade https://t.co/9kGoU0RibN",-0.9133285880088806,Strongly Negative
106,2022-11-23T19:28:54.000Z,Lost In The Oregon Woods,"Just in: The #Georgia Supreme Court has reinstated the state’s ban on abortion after six weeks of pregnancy, just one week after the law was overturned by a Fulton County judge. - @washingtonpost https://t.co/kvArStUfP0 #AbortionRights #BansOffOurBodies",-0.9730656147003174,Strongly Negative
107,2022-11-23T18:31:51.000Z,Seattle (NYC soon),"JUST IN (#AbortionRights) via @washingtonpost's @bellwak:

""The Georgia Supreme Court has reinstated the state’s [#AbortionBan] after six weeks of pregnancy, just one week after the law was overturned by a Fulton County judge.""
https://t.co/8gPio2a7Jp",-0.9812591671943665,Strongly Negative
108,2022-11-23T18:15:21.000Z,,"Impromptu protest inside the @Europarl_EN against an anti-abortion event of @ecrgroup. 
With my colleagues from different progressiv political groups we stood up for #abortionrights ✊ https://t.co/8NhNBCURem",-0.87580806016922,Strongly Negative
109,2022-11-23T18:06:40.000Z,Luxembourg,"We rise for #AbortionRights!

Tonight, the far right is organizing an anti-abortion event in the EU Parliament.

Inside @Europarl_EN &amp; outside, we sent a strong signal for women’s rights! ✊🏼 https://t.co/xK2pbzpJv9",0.9620833992958069,Strongly Positive
110,2022-11-23T18:01:36.000Z,تركيا,"📱00905531535000
📍https://t.co/CDVKIVUSnQ
#إجهاض #إسقاط_الجنين #الاجهاض_المتكرر #الاجهاض_الحمل 
#faussecouche #faussecoucheprecoce #miscarriage #miscarriageawareness #abortion #abortionrights #abortionishealthcare 
#اماراتيات #سعوديات_كويتيات_عمانيات_إمراتيات_بحرينيات_قطريات",-0.967663586139679,Strongly Negative
111,2022-11-23T17:51:30.000Z,"Puerto Vallarta, Mexico","Plan C: A Safe, Self-Managed, At-Home Abortion Option Is Here https://t.co/eYnw44MGkG #abortion #abortionban #AbortionIsHealthcare #abortionisahumanright #abortionrights #usa https://t.co/RqoKGJdcQ1",-0.9936010241508484,Strongly Negative
112,2022-11-23T17:22:34.000Z,North Carolina,Abortion rights advocates look to build on recent electoral successes using 2024 ballot measures https://t.co/yZ5fOf0HkG @pewtrusts #ncpol #ncga #ncgov #AbortionRights,-0.9802049994468689,Strongly Negative
113,2022-11-23T17:05:44.000Z,मिथिला/तिरहुत/अवध/अज़ीमाबाद,"Teaching is an activity that brings out a lot of emotions in me. I honestly don't know what sort of emotional high I was on while teaching #abortionrights and #MTPAct to #CLAT aspirants. Now, when I recall, it was the most emotionally stirring I have been while addressing a group",0.9985388517379761,Strongly Positive
114,2022-11-23T17:00:03.000Z,,"""Reproductive freedom is not just about the freedom to choose abortion, but about the freedom to work where and with whom you want, pursue your dreams, and live your life on your terms."" #AbortionRights https://t.co/HtQMtnnf5I",0.9873850345611572,Strongly Positive
115,2022-11-23T16:51:01.000Z,,"Read about the global challenges to #abortionrights in our new #actionguide! 

#abortion #abortions #abortionisahumanright #abortionrightsarehumanrights #abortionishealthcare #reproductiverights #reproductivejustice #mybodymyrights #mybodymychoice #prochoice https://t.co/uiRtZL9WEp",-0.8370422124862671,Strongly Negative
116,2022-11-23T16:17:03.000Z,"Manila City, National Capital ","#abortionrights 
#abortionpill 
#pamparegla 
#pampalaglag https://t.co/jzfhIbrR3P",-0.9945610165596008,Strongly Negative
117,2022-11-23T16:12:51.000Z,The Internet,"#Pamparegla
#cytotecoriginal 
#pampalaglag
#DELAYMENSTRUATIONPERIOD
#Abortionpills 
#abortionrights https://t.co/16VIwBS1ww",-0.9952746629714966,Strongly Negative
118,2022-11-23T15:56:09.000Z,United States,"""One of the sleek features is an automated speaker system that plays Lil' Nas X during the #abortion procedure.""

#ProLife #satire #humor #abortionrights #comedy #ClownWorld

https://t.co/9FFmD4aeWu",0.9845369458198547,Strongly Positive
119,2022-11-23T15:34:03.000Z,United States,"So if just not getting pregnant is the alternative to abortion, doesn't that mean that the baby would never live anyways? And since that's true, what is the difference between a baby that will never be born, and one that will never be conceived? I don't get it?!?
#abortionrights",-0.9914817810058594,Strongly Negative
120,2022-11-23T15:27:03.000Z,"DFW, TX",How long is it going to take for some of you to see that the goal is the total control of your life? #ClimateScam #guncontrolnow #COVID19 #deathpanels #abortionrights #ElectricVehicles #FTXScam #Ukraine #VotingRights,-0.997104823589325,Strongly Negative
121,2022-11-23T15:24:06.000Z,"San Diego, CA","As an American living in an endangered Democracy because of the GOP who take rights away from us, I need to point out A RIGHT IS A PRIVILEGE. So your argument that “guns are rights” are no good anymore. The Republicans changed it. #GunRights #abortionrights #VotingRights",-0.9878007173538208,Strongly Negative
122,2022-11-23T15:22:48.000Z,"Atlanta, GA",#vote #FoxNews #Thanksgiving2022 #Thanksgiving @MomsDemand @womensmarch @IndivisibleTeam @dccc @Georgia_NAACP @wsbtv @FOX5Atlanta @11AliveNews #Atlanta #RoeVsWade #GunReformNow #ColoradoSprings @SXMUrbanView #KarenRebels @FoxNews #abortionrights #RaphaelWarnock #TheView #Turkey https://t.co/zaWRUv4obM,-0.9918692111968994,Strongly Negative
123,2022-11-23T15:12:33.000Z,,"AVAIL NOW,
SHIP TOMORROW 💗
ALWAYS AVAILABLE 
PM ME FOR FAST AND LEGIT TRANSACTION

0916 137 2823/ STEPHANNY CRUZ

#pampalaglag 
#pamparegla 
#abortionrights 
#AbortionIsHealthcare 
#abortionph 
#cytotec 
#mifepristone",-0.9898197054862976,Strongly Negative
124,2022-11-23T14:57:46.000Z,"Kuala Lumpur, Malaysia","The difference between
Treason &amp; #Treason from within
in the latter case
the victim trusts the killer

#BLM
https://t.co/jjTMOshdeC

#UkraineWar
https://t.co/yRAaPI3KRU
#Biden #Trump #Cult45 #GQP #racism #Fascism #PoliceBrutality #abortionrights #Ukraine #Russia #Ukraine️ #Truth https://t.co/lPOE9L4hpv",-0.9892286062240601,Strongly Negative
125,2022-11-23T11:35:32.000Z,United States,"How to Help Women Facing an Unplanned Pregnancy?
.
Do you have any suggestions in mind?
.
#women #reproductivehealth #healthcare #pregnancy #WomensRights #WomenLifeFreedom #HealthyLifestyle #Help #suggestions #UnitedStates #AbortionIsHealthcare #abortionrights https://t.co/HD4M9vg6E8",-0.9891091585159302,Strongly Negative
126,2022-11-23T10:22:40.000Z,,"Using someone else's body against their will is not right.
#AbortionRightsAreHumanRights 
#AbortionIsHealthcare 
#abortionrights https://t.co/eoHuBssOoz",-0.999516487121582,Strongly Negative
127,2022-11-23T09:08:42.000Z,"Indianapolis, IN","This Dude Needs Hooked On Phonics!

#RaphaelWarnock #HerschelWalker #AbortionBan #AbortionRights #AbortionIsHealthcare #AbortionRightsAreHumanRights #RoeVWade #VoteBlue2022 #VoteBlueToSaveAmerica #VoteBlueOrWeAreScrewed #VoteBlueNoMatterWho #VoteBlueToSaveDemocracy #Georgia #SMH https://t.co/4hbpk6xSRf",-0.9968609809875488,Strongly Negative
128,2022-11-23T08:23:53.000Z,"England, United Kingdom","It’s very interesting how many forced birth folk think pregnancy/children are burdens, consequences, punishments and other. Ironic huh 

#prochoice #abortionrights",0.8909164071083069,Strongly Positive
129,2022-11-23T08:02:51.000Z,United States,"Cheap Generic Drugs💊 For Men &amp; Women #genericdrugs #securepharmaonline #UnitedStates 

Visit Site: https://t.co/rEM8UOH9Gx

#cocaina #USA #BlackFriday #Thanksgiving2022 #medicines #HealthyLifestyle #healthcare #AUS  #DerryGirls #CR7𓃵 #DatingTips #abortionrights #ColoradoSprings https://t.co/kgCzsRaI9V",-0.9982709884643555,Strongly Negative
130,2022-11-23T07:02:35.000Z,"Indianapolis, IN","(Shaking My Damn Head)

YUP...He Said ERECTION So I Guess They Are Going To Just Sit There And Act Like He Didn't Say What He Just Said 🤔

#RaphaelWarnock #HerschelWalker #AbortionBan #AbortionRights #AbortionIsHealthcare #AbortionRightsAreHumanRights #WomensRightsAreHumanRights https://t.co/AzLGEMO5W9",-0.9983591437339783,Strongly Negative
131,2022-11-23T06:54:05.000Z,,"https://t.co/JPK3MGD6nF
#abortionrights",-0.9962888956069946,Strongly Negative
132,2022-11-23T06:51:06.000Z,,the patriarchy blows 🫧 #thepatriarchyblws #fuckthepatriarchy #prochoice #AbortionIsHealthcare #abortionrights #EqualityForAll https://t.co/5wUl3qUIoe,-0.9974115490913391,Strongly Negative
133,2022-11-23T06:47:11.000Z,"Kuala Lumpur, Malaysia",girls just wanna have fundamental human rights love 🫶🏼💖✨ #girlsjustwannahavefun #fallfashion #AbortionIsHealthcare #abortionrights #TikTok #TikTokviral https://t.co/HCyWD90GfE,-0.9934210181236267,Strongly Negative
134,2022-11-23T06:26:36.000Z,"Zürich, Schweiz","Q: What needs to be done to effectively control the people?

A: Confuse people

#BLM
https://t.co/8johH3Mtsc

#RussianUkrainianWar
https://t.co/znmCQUy4ht

#Biden #Trump #Cult45 #GQP #racism #WhiteSupremacy #abortionrights #PoliceBrutality #Ukraine️ #Russia #Ukrainian #Truth https://t.co/4R0z3bWWlG",-0.9994444251060486,Strongly Negative
135,2022-11-23T06:08:20.000Z,My Throne In Hell ,"Neuer Blogpost: Filmkritik zu «Call Jane» ab Donnerstag im Kino. 

Guten Morgen Amerika, du bist wieder in den 1960er Jahren angekommen und die Janes muss ein Revival feiern! #CallJane #AbortionRightsAreHumanRights #abortionrights 

https://t.co/72d6KQGTM0",-0.9902984499931335,Strongly Negative
136,2022-11-23T04:10:02.000Z,,Guns have more rights than women today. 💔 Coward *cough*  patriarchy *cough* fvck * u #fckthepatriarchy #FCKtheGOP #Opjane #OperationJane #AbortionRights https://t.co/45wxLKCSbB,-0.9966769218444824,Strongly Negative
137,2022-11-23T01:00:05.000Z,USA,You realize you are just a (vote) for them. They get your vote if they are closer to your beliefs: #antivaxxers #BLM #Feminism #prolife #abortionrights you are just a target group and votes,-0.9715357422828674,Strongly Negative
138,2022-11-23T01:00:00.000Z,,"Are you unaware of the factors you must evaluate before getting a pill? Are you not sure which abortion pill will work for you? Don't worry, this article has all the answers to your questions, covered in detail. 
.
Read more👉https://t.co/OM6XrHAMEG 
.
#abortion #abortionrights https://t.co/aEQgC4cURn",-0.9973702430725098,Strongly Negative
139,2022-11-23T00:50:54.000Z,,"#BreakingNews Dr Fauci, Cures World Hunger! @DrFaucis1 @notdrfauci #abortionrights #abortion https://t.co/n1RqIOgHBv",-0.9884700775146484,Strongly Negative
140,2022-11-23T00:19:42.000Z,"Kuala Lumpur, Malaysia","Ignoring problems is a short-sighted strategy that causes long-term headaches or kills

#BLM 
https://t.co/If1D30SP2v

#RussiaUkraineWar
https://t.co/yRAaPHLBDM

#Biden #Trump #Cult45 #racism #Fascism #PoliceViolence #abortionrights #Ukraine #UkraineWar️  #Russia #Truth #Facts https://t.co/zrfB5DLjf3",-0.9988435506820679,Strongly Negative
141,2022-11-22T23:54:02.000Z,,Behold The Most Evil Woman Alive https://t.co/yPaNeNcvP3 @libsoftiktok #woke  #abortionrights,-0.6086610555648804,Negative
142,2022-11-22T23:39:43.000Z,"Los Angeles, CA","👩🏻‍♀‍👱🏻‍♀️‍♀‍👩🏻‍🦰 #WomensRights #AbortionRights #SupremeCourtOutOfTouch #FreedomToChoose #TraitorRepublicans #WomensRightsAreHumanRights #GOPCorruptionOverCountry #GOPComplicitTraitors #RepublicansAreTheProblem #GOPBetrayedAmerica #DumpGOP #GOPDictatorParty 👎🏼 #VoteThemAllOut
🌊🌊🌊 https://t.co/oY3hq8dCTw",-0.9929717183113098,Strongly Negative
143,2022-11-22T23:02:46.000Z,"Boston, MA","Recent votes in Kansas, Kentucky and Michigan show the ability to take abortion questions away from state legislators and place them in the voting box to #protectabortion #abortionrights  https://t.co/ByUjfAr7bT",0.9721894860267639,Strongly Positive
144,2022-11-22T22:37:43.000Z,,"""If there’s anyone to single out for helping support abortion rights on Election Day, it is Rachel Sweet"" Sweet defeated anti-abortion amendments in Kentucky and Kansas, and you can read more about it by visiting this link!👇 #abortionrights 
https://t.co/4t4kKH6qnQ",0.6742557287216187,Positive
145,2022-11-22T22:28:51.000Z,,The US is currently facing restrictions on abortion. Read here to learn about the effects it may cause on our country. #AbortionRightsAreHumanRights #WomensRights #abortionrights 💚👇 https://t.co/fj1SZY4GUj,-0.9718352556228638,Strongly Negative
146,2022-11-22T22:28:07.000Z,"Paris, France","If #WhiteSupremacy is above the law, talk about #Freedom &amp; #democracy is meaningless

#BLM
#HumanRights
https://t.co/JINJonAS3x

#UkraineWar 
https://t.co/wANadztbjW

#Biden #Trump #GQP #racism #Fascism #HateCrimes #PoliceBrutality #abortionrights #Ukraine #Russia #Truth #Facts https://t.co/AmMg2FAB1v",-0.9978945851325989,Strongly Negative
147,2022-11-22T22:24:07.000Z,"Paris, France","Protect safe, legal abortion!🗣️💚👊 #abortionrights #AbortionRightsAreHumanRights #reproductivehealth https://t.co/Ki2do5miuJ",-0.9799378514289856,Strongly Negative
148,2022-11-22T21:57:37.000Z,"Paris, France",Today in Houston - Week302 Cornyn HTX Protest #TuesdaysAtCornyns @ #CowardCornyn’s #Houston office #Democracy #VotingRights #DisarmHate #GunControlNow #AbortionRights  #BlackLivesMatter           #Jan6Justice #VoteBlue #Vote #WhyIMarch #SilenceIsNotAnOption #StandOnEveryCorner https://t.co/VPrS8y8sY3,-0.9952292442321777,Strongly Negative
149,2022-11-22T21:51:55.000Z,"Paris, France","Il y a l’Amérique que l’on déteste et il y a l’Amérique qu’on aime 💕 
#CallJane @myCANAL #USA #Abortion #abortionrights #avortement #sorority 💪 https://t.co/G9wawnfKJO",-0.9891877770423889,Strongly Negative
150,2022-11-22T21:04:13.000Z,Wisconsin,"WATCH: 3 Key Facts About Progressive Midterm Victories

#redwave #bluewave #abortion #democrats #republicans #reproductivefreedom #democracy #maga #elections #abortionrights https://t.co/j0h4NxzJdw",-0.9345561861991882,Strongly Negative
151,2022-11-22T20:59:39.000Z,"Stillwater, MN","Anyone who plays the God card this way, should be kept as far from public policy as possible. #abortionrights #ruleoflaw https://t.co/wjoKAsz880",-0.9983816146850586,Strongly Negative
152,2022-11-22T19:55:45.000Z,"Nashville, TN",We have to figure this out! #abortionrights #abortionishealthcare #abortion #PowerToTruth https://t.co/m6DkDINpkP,-0.995392918586731,Strongly Negative
153,2022-11-22T19:11:52.000Z,"Bogotá, D.C., Colombia","What's next for #abortionrights after U.S. midterms? “We're already preparing for more states to seek abortion bans, and for liberal states to protect abortion rights,"" says Elizabeth Nash @Guttmacher  https://t.co/vHX1WWTrWa",-0.9977434873580933,Strongly Negative
154,2022-11-22T19:02:18.000Z,MT,"""there has to be some form of punishment."" - Donald Trump

#abortionrights
#abortionishealthcare https://t.co/ERjORi38Wi",-0.996932864189148,Strongly Negative
155,2022-11-22T18:22:28.000Z,,"I need to be in class right now, but I'm so not ready. Anyone want to write a Six-Source essay about abortion? #writingclass #abortionrights #APA #sixsources #researchpaper",-0.9992864727973938,Strongly Negative
156,2022-11-22T17:23:00.000Z,,"This week on the podcast @Patricedamato shares with us a nurse's perspective of abortion and the consequences of anti-abortion laws. 

Tune in wherever you listen to podcasts.

#abortion #abortionrights #abortionishealthcare  #podcastforwomen #inspirationalpodcast https://t.co/h2FQGA7KxX",0.7153807282447815,Positive
157,2022-11-22T17:20:11.000Z,Texas,"Twitter Suspended Me for Tweeting the Medication-Abortion Protocol https://t.co/5NaH5nlYaz
But I'm a public-health scientist, and I know that the protocol is not only safe, it's life-saving
#abortionrights
#reproductiverights https://t.co/zk9jMgwTQQ",-0.8779613375663757,Strongly Negative
158,2022-11-22T17:11:11.000Z,,"My body, my choice
#abortionrights https://t.co/AQHL8HMFZ9",-0.9922910332679749,Strongly Negative
159,2022-11-22T17:10:04.000Z,"Texas, USA","Employers should note post-midterms state law changes. #HR #drugtesting #abortionrights #minimumwage
https://t.co/Ems07MbdLL https://t.co/FFCWujXQax",-0.9865808486938477,Strongly Negative
160,2022-11-22T16:56:07.000Z,"Atlanta, GA","A father neglects a child he's a deadbeat, however if a mother aborts a child then she's pro-choice. #TheySwoopedOnYou #prochoice #AbortionRightsAreHumanRights #abortionishealthcare #abortionrights",-0.9862175583839417,Strongly Negative
161,2022-11-22T15:50:43.000Z,,"Republicans still have a Mitch in the Senate, and Democrats still don’t have a Mitchbuster - A National Abortion Ban Is On the Way https://t.co/9u4aeMxMf6 #abortionrights #AbortionIsEssential #TuesdayMotivation",-0.9924647808074951,Strongly Negative
162,2022-11-22T14:57:38.000Z,"Maison de la Paix, Geneva","Join us for free screening Nuestra Libertad, #abortionrights in #ElSalvador by Celine Escher. Followed by discussion on #reproductivepolitics with @ximenaosorio @bganatra

Wed November 23, 18:15 CET
@FestivalFILMAR 
@GVAGrad_GC 
@GVAGrad_GHC 

See teaser:
https://t.co/p7BNNsSYFr https://t.co/Cq1Y16s1cr",-0.9837743043899536,Strongly Negative
163,2022-11-22T14:00:32.000Z,,"This article by @ReporterRossW Williams first appeared in the @GeorgiaRecorder republished in the Cobb County Courier with permission #gapol #AbortionRights #Healthcare

https://t.co/FVxouv0scw",-0.996819019317627,Strongly Negative
164,2022-11-22T14:00:01.000Z,,"Learn the key definitions and terminologies surrounding #abortionrights in our new action guide! 

#abortion #abortions #abortionisahumanright #abortionrightsarehumanrights #abortionishealthcare #reproductiverights #reproductivejustice #mybodymyrights #mybodymychoice #prochoice https://t.co/qxNX139j7t",-0.9787324070930481,Strongly Negative
165,2022-11-22T13:57:03.000Z,"Washington, DC",Republican state attorneys general promise challenges to VA’s new abortion rules #abortionrights @AMVETSHQ @AmericanLegion @iava https://t.co/yyx3Kc6bns,-0.969754695892334,Strongly Negative
166,2022-11-22T11:23:57.000Z,India,"DNA | Decisions on #abortionrights and #gunculture in US

https://t.co/wJdksNvarp",-0.9949625730514526,Strongly Negative
167,2022-11-22T10:59:05.000Z,"NYC, NY","NJ AG leads effort to get Apple to institute privacy measures on all of its Apps to prevent any data from being collected that would or could be used to collect reproductive health info of any kind
#abortionrights #abortioninformat…https://t.co/nX1Uebx8eL https://t.co/yYcz73QpTi",-0.9978628754615784,Strongly Negative
168,2022-11-22T10:32:57.000Z,,Le droit fondamental à l’avortement ne peut être remis en cause. L’inscription de ce droit dans la Constitution doit en être garante. #abortion #abortionrights #Constitution https://t.co/bS09jNvoMb,-0.9840821027755737,Strongly Negative
169,2022-11-22T09:37:41.000Z,"Seattle, WA","#prochoice #RoeVWade #godswill
#God #abortionrights https://t.co/4a8wpne5SY",-0.9962498545646667,Strongly Negative
170,2022-11-22T08:09:30.000Z,"Edinburgh, Scotland","✈️🇳🇱 #Netherlands bound…

Got some exciting #SheDecides meetings with @minbuza @PMGrotenhuis @rinekevandam @SRHR_Karin 🧡

Expanding partnerships to advance #AbortionRights #SexualityEducation #YouthSRHR https://t.co/HeR7vyGZI8",0.9862750768661499,Strongly Positive
171,2022-11-22T07:49:39.000Z,"New Delhi, India","There is a wide range of contraceptive choices present for every individual. The taboo around male contraceptive options, such as vasectomy, result in women having to bear the brunt. 

Continued. 

#RightToChoice #PratigyaRights #Abortion #AbortionRights https://t.co/vSjSF9a5ls",-0.9386498928070068,Strongly Negative
172,2022-11-22T05:47:16.000Z,Australia,"In light of Universal reproductive rights and healthcare being re-explored in Australia (https://t.co/VrH197GZ6L) and WA (https://t.co/ZG7TErfDUm) we have a look at different states jurisdictions about abortion. info from @childrenXchoice 

#abortionrights #AbortionIsHealthcare https://t.co/X6DMMuAQXv",0.9935662150382996,Strongly Positive
173,2022-11-22T05:06:40.000Z,Hell,If abortion is made illegal then a man leaving a person who's pregnant should be chemically and physically castrated. #abortionrights #fairisfair #allmen,-0.9800416827201843,Strongly Negative
174,2022-11-22T03:40:38.000Z,"Kenosha, WI","🗣 THE LATEST NEWS, HEALTH, MENTAL HEALTH, POLITICS, RACE ISSUES, RECIPES, AND MORE RIGHT NOW! VIDEO NEWS &amp; MORE! UP-TO-DATE INFO‼️#news #breakingnews #politics #race #crt #abortionrights #videos #cnn #finance #FreedomOfSpeech
https://t.co/cX8dUQ9PTi https://t.co/sxb98ULdWr",-0.7192937731742859,Negative
175,2022-11-22T03:40:38.000Z,MT,"🗣 THE LATEST NEWS, HEALTH, MENTAL HEALTH, POLITICS, RACE ISSUES, RECIPES, AND MORE RIGHT NOW! VIDEO NEWS &amp; MORE! UP-TO-DATE INFO‼️#news #breakingnews #politics #race #crt #abortionrights #videos #cnn #finance #FreedomOfSpeech
https://t.co/cX8dUQ9PTi https://t.co/jaIPcPNWx9",-0.738225519657135,Negative
176,2022-11-22T02:41:58.000Z,"St Clair Shores, MI",#abortionrights #roevember https://t.co/gNDVJ7BIwv,-0.9942321181297302,Strongly Negative
177,2022-11-22T02:36:23.000Z,UK,"We the people have spoken loudly . #DemcastMi 
#AbortionRights 
are human rights ! https://t.co/eyfXkPiC0J",-0.9727786779403687,Strongly Negative
178,2022-11-22T01:58:01.000Z,"Jekyll Island, Ga",#abortionrights #abortions When stable genetic-siblings &amp; short social tie-marriage jobs-CLASH modernity lacks bliss https://t.co/OqT3ZLG3gp,-0.9986194372177124,Strongly Negative
179,2022-11-22T00:54:13.000Z,"Jekyll Island, Ga",🏃🏾‍♂️🏊🏾‍♂️🏋🏾🧘🏾‍♂️🎾Legends ❤️of LOVE🙏🏽#coachreemy #ntc #nrc #tennis #bodyautonomy #getvaccinated #gunfuckery #FuckRepublicans #votingrights #AbortionRights #yoga #music #running #Alcaraz #blackvotersmatter #blacklivesmatter  #expandthecourt #RuthlessBeauty #rafa #MyStyleIsMyPower https://t.co/XEsCXXukVj,-0.9966593980789185,Strongly Negative
180,2022-11-22T00:13:31.000Z,"Savannah, GA","As part of the @blackspotbooks tour for the Baba Yaga antho Into the Forest, I have a guest article featured on Just Geeking By + an excerpt from my story, “Stork Bites!” I address reproductive topics so pertinent to today. 

➡️ https://t.co/q6pbk8M6Wu

#abortionrights #BabaYaga https://t.co/BOcL7rONTf",-0.9298555254936218,Strongly Negative
181,2022-11-22T00:07:39.000Z,,The sins of the father should not be put on a child’s life! Let the unborn have a voice! #abortionrights #unborn #AbortionBans,-0.9966377019882202,Strongly Negative
