title,score,id,url,comms_num,created,body,timestamp
"""Murder is not a human right""",2183,k9tg16,https://i.redd.it/5p5l51zrf6461.png,304,1607526393.0,,2020-12-09 10:06:33
"Yes, we agree",2015,iy9sp4,https://i.redd.it/are275nxcwo51.jpg,336,1600866647.0,,2020-09-23 09:10:47
Saw this on Instagram. Thought it was funny.,1888,j988of,https://i.redd.it/st9c0hmiqhs51.jpg,157,1602433003.0,,2020-10-11 12:16:43
They just can not comprehend moral consistency,1863,hep7eb,https://i.redd.it/ut8edj0nqq651.jpg,370,1592953349.0,,2020-06-23 19:02:29
"""Abortion is needed so that kids don't end up in foster care"" 🙄",1838,khir2v,https://i.redd.it/n93aujd5zj661.png,99,1608561993.0,,2020-12-21 09:46:33
I tweeted this yesterday and I’m proud of it.,1762,ircgr8,https://i.imgur.com/KHoPSWa.jpg,347,1599916761.0,,2020-09-12 09:19:21
basically:,1694,hikoch,https://i.redd.it/gwuv40q2x0851.jpg,136,1593512445.0,,2020-06-30 06:20:45
One of my all-time favorite protest signs.,1697,etfe4a,https://i.redd.it/d8xix34k4sc41.jpg,66,1579894716.0,,2020-01-24 14:38:36
"Mom, you just don't understand! 😭😭😭😭",1637,hq693w,https://i.redd.it/68z3yp142ja51.png,163,1594603745.0,,2020-07-12 21:29:05
Goodnight,1632,g11mxx,https://i.redd.it/eiv1nfajsqs41.jpg,76,1586852114.0,,2020-04-14 04:15:14
"""Reddit is neutral and doesn't hate people just for holding a different worldview..."" Me: 🤣🤣",1629,g78yrz,https://i.redd.it/s6slr97cwru41.jpg,130,1587737197.0,,2020-04-24 10:06:37
A great meme,1581,imqqnu,https://i.redd.it/2fx8h5krt7l51.jpg,124,1599262090.0,,2020-09-04 19:28:10
ive heard this so many times,1547,gj3w6s,https://i.redd.it/z81hct9xlky41.png,72,1589392353.0,,2020-05-13 13:52:33
Sounds good to me 🤷🏽‍♀️,1522,gxiuyj,https://i.redd.it/qs6p8u9ge7351.jpg,221,1591411676.0,,2020-06-05 22:47:56
welp,1498,hpfnh3,https://i.redd.it/ipalkl0v0aa51.jpg,75,1594494362.0,,2020-07-11 15:06:02
YUHS!!!!,1482,jhvjb7,https://i.redd.it/mner57x7i9v51.jpg,153,1603640902.0,,2020-10-25 11:48:22
See y'all in controversial!,1457,jhz1pn,https://i.redd.it/crldv3bzhav51.png,106,1603652929.0,,2020-10-25 15:08:49
Ugh.,1437,ghvk28,https://i.redd.it/o2c0b0a717y41.png,229,1589228120.0,,2020-05-11 16:15:20
I love you all!,1414,kajmcl,https://i.redd.it/8k9xn6aq9e461.jpg,119,1607621214.0,,2020-12-10 12:26:54
Ironic isn't it?,1405,it0ssu,https://i.redd.it/3sazbwxud8n51.jpg,130,1600140545.0,,2020-09-14 23:29:05
Getting real tired of seeing this bullshit argument,1388,pk9imk,https://i.redd.it/s6ak1mk0w9m71.png,417,1631104152.0,,2021-09-08 08:29:12
Hmmmm,1388,lt0ps6,https://i.redd.it/s32r5zaphuj61.jpg,331,1614355327.0,,2021-02-26 11:02:07
"""YoU're NoT reALly pRo LifE""",1336,lfh2do,https://i.redd.it/ux63k40eiag61.jpg,66,1612805876.0,,2021-02-08 12:37:56
BREAKING: DOWN GOES ROE,1330,vjpf86,https://www.reddit.com/r/prolife/comments/vjpf86/breaking_down_goes_roe/,1275,1656080037.0,https://www.supremecourt.gov/opinions/21pdf/19-1392_6j37.pdf,2022-06-24 10:13:57
!!!,1308,h8y1hi,https://i.redd.it/lt3n9baeww451.jpg,74,1592156230.0,,2020-06-14 13:37:10
Reddit in a nut shell,1311,ezhnyk,https://i.redd.it/b04apsikk6f41.jpg,79,1580941274.0,,2020-02-05 17:21:14
100%,1302,qkgexj,https://i.redd.it/gny50kxm50x71.jpg,540,1635780464.0,,2021-11-01 11:27:44
"Here’s an update. It’s not what I was expecting at all. A surprise to be sure, but a welcome one.",1293,ihf8q5,https://i.redd.it/zsyu6w44dhj51.jpg,43,1598505863.0,,2020-08-27 01:24:23
Just a picture of the two human lives my wife is carrying right now. Couldn’t be more surprised and excited.,1292,jkpwh8,https://i.redd.it/cvioc1zwo5w51.jpg,96,1604030574.0,,2020-10-30 00:02:54
Adding to the list of things that radicalized me.,1273,jptjoo,https://i.redd.it/r0qdtb7cfux51.jpg,201,1604765874.0,,2020-11-07 11:17:54
Planned Parenthood motto : Planned murders for unplanned pregnancies!,1249,jbwgdd,https://i.redd.it/4mqho695rbt51.jpg,57,1602796422.0,,2020-10-15 17:13:42
Found this at the nearby Catholic Church that I go to.,1246,nwtii1,https://i.redd.it/nnimrbsh5h471.jpg,85,1623346645.0,,2021-06-10 13:37:25
"Of course we would. Besides, sexual attraction begins at puberty. Nice try.",1241,j80i7v,https://i.redd.it/yg8aqh0z23s51.jpg,234,1602255588.0,,2020-10-09 10:59:48
Lol,1228,uhlnvp,https://i.imgur.com/yAPQmev.jpg,518,1651600109.0,,2022-05-03 13:48:29
I think this might be my favorite pro-life meme,1200,k1jk2g,https://i.redd.it/ms8aegerem161.jpg,65,1606412217.0,,2020-11-26 12:36:57
"""As a former fetus, I oppose abortion.""",1195,grwuuj,https://i.redd.it/3s6a830zse151.png,133,1590629628.0,,2020-05-27 21:33:48
r/PolComMemes gets it.,1188,jcltsl,https://i.redd.it/7ze6wgz0yjt51.jpg,248,1602895623.0,,2020-10-16 20:47:03
Progress toward Human Rights for all humans!!,1182,leqqjp,https://i.redd.it/5e2r87u2a3g61.jpg,106,1612718333.0,,2021-02-07 12:18:53
Abortion survivor Josiah Presley - His mother had an abortion in South Korea at 2 months which failed. He was adopted when he was 1 by a couple from Oklahoma.,1170,la8417,https://i.redd.it/kl3wadu8ewe61.jpg,64,1612199137.0,,2021-02-01 12:05:37
Is this seriously a hard decision?,1169,ftsfl5,https://i.redd.it/8hjpgpwjegq41.jpg,253,1585854646.0,,2020-04-02 15:10:46
So heroic!,1146,jdkpsn,https://i.redd.it/2vi6dvjd5wt51.jpg,135,1603043359.0,,2020-10-18 13:49:19
Pack it up everyone! It’s [current year].,1143,gkc3wn,https://i.redd.it/0o9q8f5meyy41.jpg,191,1589559376.0,,2020-05-15 12:16:16
Now she’s finally starting to understand...,1133,i9oct9,https://i.redd.it/l0zuf5uaozg51.jpg,157,1597420005.0,,2020-08-14 11:46:45
Yes.,1133,q9fqlh,https://i.imgur.com/gmhoCu0.jpg,332,1634402978.0,,2021-10-16 12:49:38
"""Pro-life is bad""",1126,hnifl0,https://i.redd.it/247fe4gwcn951.jpg,44,1594219953.0,,2020-07-08 10:52:33
I support a woman’s right to be born,1124,jhems2,https://i.redd.it/pfp6myrpc3v51.jpg,102,1603566410.0,,2020-10-24 15:06:50
Do not let anyone tell you to not speak out.,1124,mxsbhp,https://i.redd.it/ul6q57jvl6v61.jpg,68,1619296341.0,,2021-04-24 16:32:21
Made this a while ago but forgot to post it,1114,v8mqkl,https://v.redd.it/6cm9may6xm491,93,1654797563.0,,2022-06-09 13:59:23
We see you. We hear you.,1116,bqbzxe,https://i.redd.it/c8wi59r6y2z21.jpg,212,1558233328.0,,2019-05-18 22:35:28
"Hmm I wonder, should men take responsibility for their actions?",1104,pij4v8,https://i.redd.it/8kumm1hlgql71.jpg,171,1630868752.0,,2021-09-05 15:05:52
I’m creating a VR simulation where you can experience what it’s like to be an unborn fetus while your mother is terminating you.,1101,brdg4e,https://www.reddit.com/r/prolife/comments/brdg4e/im_creating_a_vr_simulation_where_you_can/,99,1558460683.0,"I’ve been working on this with three of my really good friends (all of us are pro-life). One of my friends is doing the animations, I’m doing the programming, one is doing the sound design, and our friend in medical school is making sure everything is scientifically accurate. I have not released anything for this “game” yet (it’s not really a game, more of an “experience” but that sounds really pretentious). However, we will might release some images and videos of the game in action soon.

Creating this game has taken an emotional toll on all four of us and because of that we felt it was time to announce this project, and we hope that this announcement will be therapeutic for us. We struggled with whether or not we should even release it because of how depressing it is and I wanted to ask you guys here if you think it is a good idea to release this when it’s finished. It will be completely free to download and I think it could be a good educational tool as well although probably not for young children because it is very graphic. What do you think?",2019-05-21 13:44:43
"Posted in r/pics: “Same person, different location”, do I even need to comment further?",1087,f77e0p,https://i.redd.it/xtqjhw2r58i41.jpg,32,1582268048.0,,2020-02-21 01:54:08
"Hi, we're standing right here.",1079,islyeg,https://i.redd.it/vxo15wixi4n51.png,78,1600093867.0,,2020-09-14 10:31:07
At this point I’m not even surprised people say this shit,1075,hduj68,https://i.redd.it/rccruqbvdh651.jpg,109,1592840093.0,,2020-06-22 11:34:53
…,1073,nzt0z2,https://i.redd.it/bddwrc34v9571.jpg,222,1623694248.0,,2021-06-14 14:10:48
You love to see it,1064,rdrjdh,https://i.redd.it/p6pt351kcu481.jpg,279,1639196934.0,,2021-12-10 23:28:54
Women in ethnic groups are also being forced to go have abortions,1065,iu8bya,https://i.redd.it/42imb78vpln51.jpg,32,1600301973.0,,2020-09-16 20:19:33
I thought BabylonBee was satire? 🤔,1064,horsl4,https://i.redd.it/88gwfjjc12a51.jpg,31,1594397672.0,,2020-07-10 12:14:32
Argentina marches against abortion,1048,k2u4mz,https://i.redd.it/42orjozpa1261.jpg,40,1606592464.0,,2020-11-28 14:41:04
When pro-choicers think that men abandoning responsibility justifies abortion,1048,kjk7d3,https://i.redd.it/s2mbrcojh6761.jpg,52,1608834533.0,,2020-12-24 13:28:53
"19,000 followers is still way too many, but still.",1037,ovv0y8,https://i.redd.it/31j8jusfure71.jpg,59,1627834578.0,,2021-08-01 12:16:18
"""No uterus no opinion"" but I can still make fun of her if she doesn't think babies should be murdered",1038,w1f610,https://i.redd.it/nu3ug1kwi6c91.jpg,238,1658085817.0,,2022-07-17 15:23:37
When your priorities are wrong,1027,fdjq4r,https://i.redd.it/n252bsvc0qk41.jpg,194,1583355853.0,,2020-03-04 16:04:13
@downsandtowns on TikTok,1014,mlbs8i,https://v.redd.it/j1bbpy1u2kr61,71,1617716087.0,,2021-04-06 09:34:47
Love this!,1003,guouji,https://i.redd.it/x0fbvh263c251.jpg,31,1591032567.0,,2020-06-01 13:29:27
The people whose lives you say aren't worth living - they can hear you.,994,krpi0o,https://i.redd.it/hn2jn5qd8q961.png,108,1609945283.0,,2021-01-06 10:01:23
Sadly true,992,j5h0lo,https://i.redd.it/da5q0ihd79r51.jpg,70,1601893867.0,,2020-10-05 06:31:07
I don't know if you guys remember but I posted asking for you to pray for my unborn sibling as my dads girlfriend was going to get an abortion anyways she decided against it and this is my little sisters lasted scan picture! Thank you so much for your prayer.,978,gtfw2r,https://i.redd.it/0i1e8z6h5x151.jpg,42,1590851740.0,,2020-05-30 11:15:40
"""She wouldn't die by my hand.""",986,evhox8,https://i.redd.it/u5mho43f9nd41.png,55,1580271700.0,,2020-01-28 23:21:40
"Reddit calling this ""cringe"" is cringe in itself.",975,wo2fqt,https://i.redd.it/f34fi8j3gnh91.jpg,197,1660469931.0,,2022-08-14 05:38:51
Well...,973,gw0hru,https://i.redd.it/410mxizyvq251.jpg,88,1591211750.0,,2020-06-03 15:15:50
I've never Had a Tweet make me so sad for Humanity before,979,gibb0x,https://i.redd.it/vxt0jrts6cy41.jpg,175,1589290431.0,,2020-05-12 09:33:51
John 15:18,959,j4pbfn,https://i.redd.it/5wboh351wyq51.jpg,65,1601768979.0,,2020-10-03 19:49:39
Pro-life is for everyone.,955,keau0x,https://i.redd.it/mc9g3jf4ek561.jpg,174,1608131180.0,,2020-12-16 10:06:20
"When pro-choicers share this (obviously photoshopped) picture, all I see is:",957,je1vvy,https://i.redd.it/jclvlxzm22u51.jpg,240,1603115065.0,,2020-10-19 09:44:25
Progress,953,j02u8h,https://i.redd.it/23jjg8p6kgp51.jpg,205,1601111223.0,,2020-09-26 05:07:03
Initial reactions to Amy Coney Barrett's SCOTUS confirmation.,944,jj0zak,https://i.redd.it/jxmmqnto1nv51.png,168,1603804839.0,,2020-10-27 09:20:39
Thought yall would get a kick out of this,939,k2d976,https://i.redd.it/cf8eq85slv161.jpg,106,1606523540.0,,2020-11-27 19:32:20
i saw this on instagram and i loved it so here we are,926,k8m6l9,https://i.redd.it/evblpu645t361.jpg,80,1607365417.0,,2020-12-07 13:23:37
Shared by New Wave Feminists,921,ur4jic,https://i.redd.it/2pseyzwi8wz81.jpg,422,1652731082.0,,2022-05-16 15:58:02
This can't be said enough.,930,juflaf,https://i.redd.it/8iu5tjudubz51.png,69,1605412598.0,,2020-11-14 22:56:38
And they call us the brainwashed ones,922,xremin,https://i.redd.it/5lhdhsw38uq91.jpg,209,1664474649.0,,2022-09-29 14:04:09
Nobody cares about these black lives,917,ia16wk,https://i.imgur.com/1olNvNM.jpg,131,1597465842.0,,2020-08-15 00:30:42
Unfortunately,910,j652hm,https://i.redd.it/rcky0ixa8hr51.jpg,69,1601991030.0,,2020-10-06 09:30:30
"""Just a clump of cells""",912,xl3z73,https://i.redd.it/3ruhn35aefp91.png,131,1663859285.0,,2022-09-22 11:08:05
"Supreme Court has voted to overturn abortion rights, draft opinion shows",902,uh4bf0,https://www.politico.com/news/2022/05/02/supreme-court-abortion-draft-opinion-00029473,1378,1651539248.0,,2022-05-02 20:54:08
Thank you Kanye West for being a powerful advocate for the unborn.,904,jk50dz,https://i.imgflip.com/4k2rr7.jpg,96,1603952737.0,,2020-10-29 02:25:37
☝️,902,oea70e,https://i.redd.it/yi58y5op1f971.jpg,214,1625500394.0,,2021-07-05 11:53:14
A pleasant surprise to find in sunny California,902,i21s3t,https://i.redd.it/crbmrt713he51.jpg,59,1596323245.0,,2020-08-01 19:07:25
My 15 Week Old Twins!,899,jsnfjb,https://i.redd.it/loxvajnxcqy51.jpg,113,1605152485.0,,2020-11-11 22:41:25
Have you considered...?,894,mrexwn,https://i.redd.it/t1xlqeeocct61.png,66,1618494195.0,,2021-04-15 09:43:15
Abortion is the murder of a human being,891,g3s9is,https://i.redd.it/bff9ajuhcmt41.jpg,157,1587234164.0,,2020-04-18 14:22:44
"A fetus is the effect of being impregnated, not the cause.",894,q5pxwh,https://i.imgur.com/WtTfnCC.jpg,347,1633934146.0,,2021-10-11 02:35:46
Yeah... But what can you expect from 'Pro-Choicers'...,889,hwy32c,https://i.redd.it/mpfpnmz3mrc51.png,121,1595579072.0,,2020-07-24 04:24:32
¯\_(ツ)_/¯ they Had it coming,874,kn6yam,https://i.redd.it/6tgui8v74d861.jpg,29,1609350646.0,,2020-12-30 12:50:46
"Awesome? Yep, awesome.",875,jxqi8a,https://i.redd.it/02iwgb16te061.jpg,45,1605884358.0,,2020-11-20 09:59:18
They know what they’re doing...,879,jol1nk,https://i.redd.it/sv7123e80gx51.jpg,95,1604591297.0,,2020-11-05 10:48:17
"One of my friends on Instagram is someone that believes that any unborn child diagnosed with down syndrome should be aborted, so I decided to have some fun with them.",881,ym51cj,https://i.redd.it/4knogqk1zyx91.jpg,215,1667583112.0,,2022-11-04 13:31:52
An amazing and true sign,877,hys5qg,https://i.redd.it/6uarizu3ied51.jpg,111,1595856135.0,,2020-07-27 09:22:15
"Who ever made this, should get a raise",873,f5g18m,https://i.redd.it/6isedam3yjh41.png,92,1581974911.0,,2020-02-17 16:28:31
Sad,880,cmeobr,https://i.redd.it/s40luce89oe31.jpg,81,1565029014.0,,2019-08-05 14:16:54
It's not just attractive; it's a prerequisite.,868,o98w0q,https://i.redd.it/anp8pa82fw771.jpg,260,1624839005.0,,2021-06-27 20:10:05
BRUH 🤦‍♂️,868,poc986,https://i.redd.it/dq4m0r5rfjn71.jpg,145,1631655417.0,,2021-09-14 17:36:57
"Game Dev says he's pro life, instantly fired as CEO.",865,pjl5zx,https://www.reddit.com/gallery/pjl5zx,407,1631013937.0,,2021-09-07 07:25:37
"Life is life or it isn't, no two ways about it.",855,ku7j13,https://i.redd.it/feza3izsofa61.jpg,179,1610253478.0,,2021-01-09 23:37:58
"I am a disabled person, stop using me to justify your abortions.",848,vuzhmr,https://www.reddit.com/r/prolife/comments/vuzhmr/i_am_a_disabled_person_stop_using_me_to_justify/,170,1657365424.0,"Hey there, I am a disabled pro life teen. I have autism, and many other conditions (physical and mental) that affect my life everyday, and mean that there are some things I can not do, or find harder to do that others without my disabilities can. I am here after spending the morning on r/Abortiondebate listening to people telling me I would have been better of aborted. I am not here for sympathy, I am here to share a message to pro choicers: \*\*stop using me to justify your abortions\*\*.

&#x200B;

I am not a burden, my mother is not ""cursed"" with me, I am not something society is stuck with, I am a person just like anyone else is. Yes I have struggles that sometimes mean I need additional help, that does not make me a burden.

I am not ""selfish"" for not wanting my mother to abort me. I am forever grateful to her and my father for choosing life and caring for me all these years, even though I may have been harder to take care of than someone without my disabilities. It isn't selfish or unempathetic to say I don't think she should have been able to kill me.

I am \*not\* upset I was not aborted, I am not sad that I am alive and disabled, I am happy, I am grateful. I am not some poor suffering dog who should have been ""put down"", I am a person, and I have been a person since I was conceived. If you are telling me I should have been aborted because of the ""burden"" I am not, you are telling me I should be dead now too.

I do apologise for the rant however it does need to be said. I am disabled, I am not an ""option"" or a choice, I am not a burden, and killing me would have not have been mercy, it would have been murder.",2022-07-09 07:17:04
The irony,859,g4kyf7,https://i.redd.it/yjxfv8yb1wt41.jpg,64,1587351456.0,,2020-04-19 22:57:36
Interesting to say the least...,851,bv9il9,https://i.redd.it/cje114dbnk131.jpg,30,1559319290.0,,2019-05-31 12:14:50
"Pro-choice people sometimes claim we are ony pro-life because we lack life experience, but the reality is many of us are pro-life *because* of our experiences: with pregnancy, pregnancy loss, and, yes, with abortion.",843,l7uneo,https://i.redd.it/9pr1ymnjdae61.jpg,69,1611932549.0,,2021-01-29 10:02:29
If I see “Nobody can use my organs without my consent” one more time…,834,w3ndp6,https://i.redd.it/qd2olol3eqc91.jpg,124,1658326395.0,,2022-07-20 10:13:15
they don't like it when women regret their choice,845,xfccow,https://i.redd.it/9xm1913qn5o91.jpg,109,1663287509.0,,2022-09-15 20:18:29
Found this gem,844,ky81ze,https://i.redd.it/tv55yj4pblb61.jpg,27,1610757559.0,,2021-01-15 19:39:19
For the embryology textbook tells me so.,835,kfmoid,https://i.redd.it/7qdm9a66ny561.jpg,209,1608303720.0,,2020-12-18 10:02:00
I don't care what you call me. It's murder.,841,hc3ue0,https://i.redd.it/wn2ce9k79w551.jpg,168,1592584281.0,,2020-06-19 12:31:21
Its only a baby when the mother wants it to be one of course,838,jeoiuj,https://i.redd.it/gq57u3veu8u51.jpg,162,1603197048.0,,2020-10-20 08:30:48
"i thought id update you great people as im 27 weeks today! turns out bub was lying on my back but the ladies at the pregnancy center flipped him around 😂im so glad i didn't go through with the abortion, look how big he is, thats absolutely horrible",835,huu5aq,https://i.redd.it/d8rl80jzx2c51.jpg,98,1595280343.0,,2020-07-20 17:25:43
"""Science is only true if i agree with it!""",839,hfpi8i,https://i.imgur.com/vVZPwyo.jpg,112,1593103764.0,,2020-06-25 12:49:24
State of reddit vs us,838,vjzt9r,https://www.reddit.com/gallery/vjzt9r,102,1656108625.0,,2022-06-24 18:10:25
PCM is the best,832,kix5rm,https://i.redd.it/3g6l7h9y0z661.jpg,70,1608744202.0,,2020-12-23 12:23:22
But most pro choicers won’t acknowledge these things because it doesn’t fit their narrative,833,lit7u8,https://i.redd.it/wgalz1uua6h61.jpg,253,1613190761.0,,2021-02-12 23:32:41
Insert Interesting Title,832,icltgv,https://i.redd.it/kro3kv5t1yh51.jpg,43,1597836313.0,,2020-08-19 07:25:13
"Can’t argue, only insult🤡",822,kmp2xn,https://i.redd.it/o9konvcsh7861.jpg,131,1609282573.0,,2020-12-29 17:56:13
We live in a S O C I E T Y,823,iidrkj,https://i.redd.it/iyr94mn3psj51.jpg,79,1598643070.0,,2020-08-28 15:31:10
Cringe atheists say the quiet part out loud,819,i6n0pz,https://i.redd.it/gu6anh6qf0g51.jpg,58,1596993381.0,,2020-08-09 13:16:21
The absolute state of the culture: words are violence and violence is mercy,820,byzmj9,https://i.imgur.com/qKBUULt.jpg,44,1560182666.0,,2019-06-10 12:04:26
"The ""impossible"", now possible.",825,ht6mf9,https://i.redd.it/ld7nnuqr7ib51.png,58,1595029389.0,,2020-07-17 19:43:09
Proabortion logic,819,gzfpl9,https://i.redd.it/vzn2dmgp8t351.jpg,156,1591676120.0,,2020-06-09 00:15:20
I see many pro-choicers avidly defending killing disabled children in the womb so had to post this,823,gwlp4t,https://i.redd.it/rivmicykfx251.jpg,84,1591290986.0,,2020-06-04 13:16:26
The logic checks out.,813,f1va5r,https://i.redd.it/oqg142btc5g41.png,125,1581362415.0,,2020-02-10 14:20:15
GUYS ! I think I know why Dr Seuss is cancelled !,813,m1sd76,https://i.redd.it/9klgab5ao5m61.jpg,67,1615362462.0,,2021-03-10 02:47:42
Texas fully defunds Planned Parenthood abortion business today,813,lbwj9a,https://hotair.com/archives/karen-townsend/2021/02/03/texas-fully-defunds-planned-parenthood-abortion-business-today/,97,1612382109.0,,2021-02-03 14:55:09
since when did 4chan start being pro life?,815,ohhn92,https://i.redd.it/yzl2v54lnda71.png,105,1625919395.0,,2021-07-10 08:16:35
We all have the right to live,819,hvhmgm,https://i.redd.it/yvin22mtdac51.jpg,159,1595371186.0,,2020-07-21 18:39:46
Honest work,807,uvpw40,https://i.redd.it/kfzium6ww4191.jpg,57,1653271981.0,,2022-05-22 22:13:01
For any pro-life tech nerds,811,m998cx,https://i.redd.it/jj6rb18db7o61.png,36,1616254000.0,,2021-03-20 11:26:40
Not sure what all the excitement and upvotes are about. She’s clearly just feeling a 3D print of a lifeless clump of cells.,814,kawrqj,https://i.redd.it/tiubrpfgwh461.jpg,125,1607665177.0,,2020-12-11 00:39:37
"Oh man, SORRY. So sorry. Reminder that half of American women are against abortion. *waves",816,lpro9e,https://i.redd.it/j0of8szxu1j61.jpg,162,1614009041.0,,2021-02-22 10:50:41
It’s tiring seeing people post this stuff then go ahead and post their abortion TikTok,806,m4yjd1,https://i.redd.it/ysxumdivu0n61.jpg,174,1615739941.0,,2021-03-14 12:39:01
Original tweet @RehumanizeMaria,814,lydgq0,https://i.redd.it/nzne9pad38l61.jpg,245,1614955850.0,,2021-03-05 09:50:50
Your Terms Are Acceptable.,808,sa7aav,https://i.redd.it/xvicg4etw9d81.jpg,250,1642872136.0,,2022-01-22 12:22:16
Lol,806,w31zyb,https://i.redd.it/z5dx3qqlzkc91.png,62,1658260953.0,,2022-07-19 16:02:33
People are so dumb sometimes,804,jqxbvu,https://i.redd.it/0cnpzz8ur7y51.jpg,175,1604927468.0,,2020-11-09 08:11:08
No sense of personal responsibility whatsoever. They act like an embryo just magically appears in a uterus of its own accord.,795,kh0350,https://i.redd.it/7jqa2dfg5e661.jpg,164,1608491478.0,,2020-12-20 14:11:18
And they always act like adoption doesn't exist,800,jy9ml0,https://i.redd.it/ryvqniab2l061.jpg,69,1605960078.0,,2020-11-21 07:01:18
Found on a post about two children sharing a room,798,os4g48,https://i.redd.it/kq3yy7k4lld71.jpg,219,1627322957.0,,2021-07-26 14:09:17
This is the one,794,suoakl,https://i.redd.it/sgpavarz5ei81.jpg,583,1645102889.0,,2022-02-17 08:01:29
This is exactly it!,797,bvifyj,https://i.redd.it/hunjcandap131.jpg,123,1559375474.0,,2019-06-01 03:51:14
The pro-choice view survives on widespread ignorance of biology.,796,uoxzwy,https://i.redd.it/pfzujbdwcaz81.png,306,1652466232.0,,2022-05-13 14:23:52
Planned Parenthood is conveniently Located Near Black Neighborhoods,791,h7jenv,https://i.redd.it/sns2az98yg451.jpg,153,1591963248.0,,2020-06-12 08:00:48
Honduras Makes Its Abortion Ban Permanent: “All Human Beings Have a Right to Life”,791,lb5d1h,https://www.lifenews.com/2021/02/01/honduras-makes-its-abortion-ban-permanent-all-human-beings-have-a-right-to-life/,165,1612297236.0,,2021-02-02 15:20:36
Not to imply that it's the only reason they need to go down ASAP,793,hbm0ly,https://i.redd.it/cdy2sefn7q551.png,96,1592511124.0,,2020-06-18 16:12:04
Yes.,792,n9wndg,https://i.redd.it/lwrnlojbqhy61.png,173,1620738570.0,,2021-05-11 09:09:30
not surprising.,788,y1j29q,https://i.redd.it/9vxa2ylxh8t91.jpg,86,1665519122.0,,2022-10-11 16:12:02
Never Forget,784,ir18dm,https://i.redd.it/nxhh6y0lmlm51.jpg,10,1599865019.0,,2020-09-11 18:56:59
“Pro choice” these comments are making me sick. How many babies have been killed because the mother was coerced into an abortion?,788,w31n7e,https://i.redd.it/4iyvqlu5xkc91.jpg,209,1658260109.0,,2022-07-19 15:48:29
The best reason to be pro life,784,xn4fxe,https://i.redd.it/uox6lkgyivp91.jpg,101,1664054532.0,,2022-09-24 17:22:12
"yeah what's the outage for that,hmmm?",780,vk4voq,https://i.redd.it/t8n5ovwxio791.png,78,1656124514.0,,2022-06-24 22:35:14
Consistency,783,o50l2a,https://i.redd.it/7ubr4ykhmn671.jpg,126,1624296692.0,,2021-06-21 13:31:32
Seen a few streets away from my work. It’s nice to know there are like-minded people in my state. (Illinois),782,hrxtb1,https://i.redd.it/dk0g9n3fm3b51.jpg,79,1594852714.0,,2020-07-15 18:38:34
🤣,784,uwg9tw,https://i.redd.it/tttpkqda1c191.jpg,409,1653358209.0,,2022-05-23 22:10:09
"How did we let this much evil become ""normal""?",780,iqi6vs,https://i.redd.it/o7keoofslfm51.jpg,144,1599792210.0,,2020-09-10 22:43:30
I might support BLM if this were a real meme.,770,hmxdis,https://i.redd.it/nf4edqqvkg951.png,319,1594137967.0,,2020-07-07 12:06:07
Those don't count.,770,rllka1,https://i.redd.it/j0k44wab1y681.jpg,243,1640113277.0,,2021-12-21 14:01:17
Glad to have found thus sub. Here’s to it continuing to grow!,768,igp4rx,https://i.redd.it/wbcvoz08x8j51.jpg,42,1598403666.0,,2020-08-25 21:01:06
Abort the abortion industry,771,jh0uc7,https://i.redd.it/plcbmlolbyu51.png,121,1603505544.0,,2020-10-23 22:12:24
How I see r/ChildFree,771,jd9rtd,https://i.redd.it/u99of3ca4st51.png,133,1602994581.0,,2020-10-18 00:16:21
Destiny from NWF Popped Off as Always,774,xiosm2,https://i.redd.it/oc85zy10svo91.jpg,126,1663621725.0,,2022-09-19 17:08:45
Happy Halloween,762,yid6e2,https://i.redd.it/lyvtqvsfw6x91.png,61,1667225179.0,,2022-10-31 10:06:19
These are my thoughts on Anti-abortion laws being an “oppression” of women.,760,ma64us,https://i.redd.it/t7vpqnfo4go61.jpg,181,1616360699.0,,2021-03-21 17:04:59
Ironic,767,l79pv9,https://i.redd.it/s8vet9jk75e61.jpg,55,1611870008.0,,2021-01-28 16:40:08
To the point.,762,juvrci,https://i.redd.it/kodt55m7lhz51.jpg,71,1605482155.0,,2020-11-15 18:15:55
I didn't make this and I don't know who did; all I know is that it's hilarious,757,gorqww,https://i.redd.it/5tn08vwurd051.png,149,1590181287.0,,2020-05-22 17:01:27
Couldn’t have said it better myself PP,751,jgqjj2,https://i.redd.it/54vk7pchgvu51.jpg,90,1603470821.0,,2020-10-23 12:33:41
Planned Parenthood’s founder was a racist.,759,lru6p0,https://i.redd.it/yt5caaqq4jj61.jpg,86,1614217791.0,,2021-02-24 20:49:51
Being pro life is consistent,754,lmmvvi,https://i.redd.it/jxjefk21o8i61.jpg,105,1613655253.0,,2021-02-18 08:34:13
Abortion is ableism. Listen to the voices of people with Down syndrome on the issue. Frank Stephens and Heidi Crowter are a few of the people who speak out about it.,751,mdpbt8,https://i.redd.it/9w1kqmevpdp61.jpg,164,1616767346.0,,2021-03-26 10:02:26
Half of American women are against abortion.,747,m17y8g,https://i.redd.it/8ae93m5zm0m61.jpg,174,1615301436.0,,2021-03-09 09:50:36
This just makes me want to move to America.,749,jhbh8e,https://i.redd.it/047d77tmg2v51.jpg,210,1603555620.0,,2020-10-24 12:07:00
I got booted from r/Cleveland for saying the same about systemic racism,743,jae5vx,https://i.redd.it/jroiz26edvs51.jpg,156,1602598183.0,,2020-10-13 10:09:43
This sums up everything,751,j0whkz,https://i.redd.it/7eksrvuzkqp51.png,181,1601232564.0,,2020-09-27 14:49:24
Found on r/conservative,743,i2f9pr,https://i.redd.it/7zdv6c60dme51.jpg,16,1596387120.0,,2020-08-02 12:52:00
My beautiful son born from my tenacious wife just last night. He's one of the reasons I'm pro-life.,746,m8l12i,https://www.reddit.com/gallery/m8l12i,109,1616171247.0,,2021-03-19 12:27:27
"Found on r/greentext, though it's likely a very real story",743,k6x8j3,https://i.redd.it/ymsqhc71j9361.png,170,1607127970.0,,2020-12-04 19:26:10
The trauma!!,743,x2326f,https://i.redd.it/6wjfs0kpxyk91.jpg,122,1661916577.0,,2022-08-30 23:29:37
I participate in the March For Life because being pro-life is being pro-woman.,744,uo5bqi,https://i.redd.it/e0fu0qryp2z81.jpg,619,1652373740.0,,2022-05-12 12:42:20
Love when this happens.,740,p19zyp,https://i.redd.it/po84w69r8eg71.jpg,73,1628541593.0,,2021-08-09 16:39:53
True colours,742,wsp23t,https://i.redd.it/5tkmt2kxjqi91.jpg,176,1660943413.0,,2022-08-19 17:10:13
It's ✨Common Sense✨,740,qhp99x,https://i.redd.it/f2bx25nhj7w71.png,237,1635434044.0,,2021-10-28 11:14:04
Wtf is wrong with people I-,739,kcimzg,https://i.redd.it/5ug9at35q0561.jpg,168,1607893086.0,,2020-12-13 15:58:06
Blatant disinformation being passed as facts and widely accepted.,735,y97ubr,https://www.reddit.com/gallery/y97ubr,141,1666294991.0,,2022-10-20 15:43:11
“get rid of” :/,736,wkf6g1,https://i.redd.it/jqsqcv0u9rg91.jpg,218,1660080404.0,,2022-08-09 17:26:44
Good stuff.,740,cqojfx,https://i.redd.it/bfp7cqidllg31.jpg,221,1565868465.0,,2019-08-15 07:27:45
It do be like that,734,bxjchk,https://i.imgur.com/7jt5oZE.jpg,114,1559841609.0,,2019-06-06 13:20:09
Adorbs! Photos of SPL volunteer Gina M. and her son used with permission.,738,kv4iqn,https://i.redd.it/6plf9740zpa61.png,36,1610377978.0,,2021-01-11 10:12:58
No prolife option though,740,wf7ejd,https://i.redd.it/r4055glu8if91.jpg,212,1659535263.0,,2022-08-03 10:01:03
You should be following us on Twitter.,736,kt421x,https://i.redd.it/spndxobth4a61.png,116,1610117952.0,,2021-01-08 09:59:12
Nearly half of Americans think abortion is wrong,732,k9185u,https://i.redd.it/kxl0ww54mx361.jpg,228,1607419561.0,,2020-12-08 04:26:01
The people whose lives you suggest aren't worth living? They can hear you.,734,mmrzd8,https://i.redd.it/4qh8q92gdyr61.png,219,1617889106.0,,2021-04-08 09:38:26
The lies never stopped.,730,waa2zk,https://i.redd.it/h2ozpp17abe91.jpg,83,1659015120.0,,2022-07-28 09:32:00
Reminder that half of American women are against abortion. Stop erasing pro-life women.,729,n3wf9q,https://i.redd.it/d94vm57dtww61.jpg,225,1620049487.0,,2021-05-03 09:44:47
Sighhhhhh,728,jc9yvw,https://i.redd.it/pgvzmrswmgt51.jpg,85,1602855531.0,,2020-10-16 09:38:51
Murder is not a right,736,jrsxcq,https://i.redd.it/1jk6wqfd3hy51.jpg,146,1605040308.0,,2020-11-10 15:31:48
Boo get better material,723,pqnfwc,https://i.redd.it/fvfs7rd1v9o71.jpg,185,1631975337.0,,2021-09-18 10:28:57
(And my opinion is that elective abortion should be illegal.) Many women are with me.,736,m5l3k8,https://i.redd.it/1xe3w8fj57n61.jpg,63,1615816169.0,,2021-03-15 09:49:29
lol what did she expect??,727,vltcg5,https://i.imgur.com/207IKle.jpg,184,1656329391.0,,2022-06-27 07:29:51
Always has been,722,hqjor4,https://i.redd.it/79vtbddktna51.jpg,40,1594661404.0,,2020-07-13 13:30:04
"You can't even defund a movement, this is evidence of anti-life stupidity",728,hj815u,https://i.redd.it/22uxl8mf88851.jpg,111,1593601000.0,,2020-07-01 06:56:40
"""For the embryology textbook tells me so""",730,le94c1,https://i.redd.it/o83eem7qtxf61.jpg,34,1612652298.0,,2021-02-06 17:58:18
Nothing to see here folks,729,rv2uia,https://i.redd.it/f6wut9lufh981.jpg,124,1641219911.0,,2022-01-03 09:25:11
"Okay, but BESIDES biologists, who can really say??",730,gjp5db,https://i.redd.it/3n7jscd17ry41.jpg,67,1589472103.0,,2020-05-14 12:01:43
Right?!,726,o7o7c2,https://i.redd.it/gw6zyzit3f771.png,107,1624629407.0,,2021-06-25 09:56:47
Thoughts on this?,724,l2p0y5,https://i.redd.it/ldesepb2bwc61.jpg,260,1611326370.0,,2021-01-22 09:39:30
Christina Bennett does great pro-life work.,717,mfq68h,https://i.redd.it/kgpnctu74zp61.jpg,24,1617026414.0,,2021-03-29 10:00:14
I think we are finally getting through to them,716,vljxr7,https://i.redd.it/efalqtaqj2891.jpg,209,1656294284.0,,2022-06-26 21:44:44
A while ago the Polish Ministry of Justice awarded Zuzanna Wiewiórka with a medal for her pro life activism,718,gvizkf,https://i.redd.it/gfan4mvb5l251.jpg,39,1591142256.0,,2020-06-02 19:57:36
Well ok then...,716,i740pg,https://i.redd.it/9pembgyp66g51.jpg,62,1597062993.0,,2020-08-10 08:36:33
Here's a little sign inspiration for your next use.,714,ksetao,https://i.redd.it/rzh1p0f3cx961.jpg,103,1610031280.0,,2021-01-07 09:54:40
This is my first Father’s Day! Sorry can’t tell me I’m not a dad. (10 weeks),719,c1ekkb,https://i.redd.it/3yx0387r3s431.jpg,85,1560717136.0,,2019-06-16 16:32:16
"Speaker Jazzi Milton, vegan against abortion.",713,k5ywsh,https://i.redd.it/d4qmvs7smz261.jpg,196,1607008152.0,,2020-12-03 10:09:12
They're SO close to getting it,713,jv8go7,https://i.redd.it/836yesfucmz51.png,235,1605539876.0,,2020-11-16 10:17:56
Happy Father's Day!,713,vg0dnu,https://i.redd.it/6n4d34u07m691.jpg,116,1655660444.0,,2022-06-19 13:40:44
Got this from another sub. Looks like this sub is on the chopping block.,709,vwgotp,https://i.redd.it/oy9dj1ktzya91.jpg,191,1657540805.0,,2022-07-11 08:00:05
What has the world come to?,717,k59fc0,https://i.redd.it/hpyxrgxb2s261.jpg,168,1606916557.0,,2020-12-02 08:42:37
"I'm an anarchist. I am pro-life. Killing another human being is a violation of the libertarian principle of non-aggression. Abortionists convinced the world that mutilation and death are small government and liberty. I don't wanna be a downer, so here's a cute picture of a girl who wasn't aborted 💕",713,hsmeoy,https://i.redd.it/k9t4xgo3ibb51.jpg,155,1594948115.0,,2020-07-16 21:08:35
The people whose lives you suggest aren't worth living? They can hear you.,712,jrma46,https://i.redd.it/z0et3j9uefy51.png,92,1605019951.0,,2020-11-10 09:52:31
Well said.,705,q2nrq1,https://i.redd.it/2upgoaepuur71.jpg,241,1633537015.0,,2021-10-06 12:16:55
"I got this sticker for my mac a little while ago, I think it’s super cute :)",703,kbfz3m,https://i.redd.it/xlh3sygrsn461.jpg,93,1607736640.0,,2020-12-11 20:30:40
Dr Miller is never wrong,706,xs0mgh,https://i.redd.it/hhq7bquvtzq91.jpg,93,1664542484.0,,2022-09-30 08:54:44
Yes.,709,nilree,https://i.redd.it/wytawjw13p071.png,84,1621699301.0,,2021-05-22 12:01:41
Shout out to all the loving mothers out there who didn’t kill their child.,704,txaz34,https://i.redd.it/xsnv7hpxdtr81.jpg,181,1649209796.0,,2022-04-05 21:49:56
I can’t with twitter pro-choicers,709,gzrs3e,https://i.redd.it/dnyecnmy6x351.jpg,65,1591723936.0,,2020-06-09 13:32:16
BREAKING,705,xdf7mk,https://i.redd.it/fveuamvf9on91.jpg,58,1663094888.0,,2022-09-13 14:48:08
"Do they think we are annoyed? I mean sure, here’s to being celibate!",704,vle7j1,https://i.redd.it/0pzkyig341891.jpg,167,1656276911.0,,2022-06-26 16:55:11
It is NOT your body you delusional heathens,709,qefux7,https://i.redd.it/2jg8mi9l8av71.jpg,112,1635030829.0,,2021-10-23 19:13:49
Can't be done,707,i2qa5g,https://i.redd.it/l3pr3jhrope51.jpg,159,1596427395.0,,2020-08-03 00:03:15
It'5 ViOlATinG mY b0Dy,704,kbvw3f,https://i.redd.it/hakw5kf8ct461.jpg,64,1607803661.0,,2020-12-12 15:07:41
"When we're talking about killing other humans, it's everyone's business.",704,e4zqk0,https://i.redd.it/dp080wgmb8241.jpg,200,1575296586.0,,2019-12-02 09:23:06
"We’re not forcing you to raise a child, we’re asking you to not kill it.",698,umpbpe,https://www.reddit.com/r/prolife/comments/umpbpe/were_not_forcing_you_to_raise_a_child_were_asking/,1572,1652207354.0,"Far more often than before I have been hearing SO many pro-choice people saying things like:
“raising a child is expensive and a big commitment!”
“Why should she have to end her career for this?”
“some people aren’t meant to be mothers and you shouldn’t force them to be!!” 

Y’all… nobody said you HAVE to raise the child you give birth to. You don’t HAVE to be ‘mommy’ to your child- just don’t kill it! Let someone else do that “hard commitment stuff” and you just carry it to term.",2022-05-10 14:29:14
THIS... Stories like this is why I'm pro-life.,700,u7js4k,https://i.redd.it/v101z2zcwku81.jpg,139,1650414575.0,,2022-04-19 20:29:35
The people whose lives you say aren't worth living? They can hear you.,704,s296vr,https://i.redd.it/nlftdrdg1ab81.jpg,220,1642001999.0,,2022-01-12 10:39:59
"Per StudentsForLife, this photo was taken without the pro-lifer’s permission. And the pro-abort gal never once engaged with her in person. Too cowardly?",701,w2728w,https://i.imgur.com/lByTBrs.jpg,220,1658170408.0,,2022-07-18 14:53:28
I edited a political cartoon to make it wholesome and more accurate,702,hleagm,https://i.redd.it/j6ygkelxvx851.jpg,98,1593911574.0,,2020-07-04 21:12:54
When your own definition proves you wrong 🤦🏻‍♀️,699,ovsxxb,https://i.redd.it/2nc79f9j9re71.jpg,157,1627827551.0,,2021-08-01 10:19:11
Based on a sign seen at the March for Life.,696,jny45w,https://i.redd.it/9xt64ul8m8x51.png,26,1604501843.0,,2020-11-04 09:57:23
Put your money where your mouth is. 👏🏻🙌🏻,690,nbv2wd,https://i.redd.it/vwx544mp6zy61.jpg,63,1620949884.0,,2021-05-13 19:51:24
"Throwback to when the Google Doodle honored suffragist and pro-life icon Alice Paul, who boldly declared: ""Abortion is the ultimate exploitation of women.""",694,l665qz,https://i.redd.it/wzp7u3j13wd61.png,81,1611759521.0,,2021-01-27 09:58:41
"No, it’s her child.",698,hr6939,https://i.redd.it/tku52df32va51.jpg,205,1594749104.0,,2020-07-14 13:51:44
An oldie but a goodie,691,h0mley,https://i.redd.it/liw4mfviy5451.png,30,1591830186.0,,2020-06-10 19:03:06
Another user encouraged a woman whose baby might have Down syndrome not to abort. I did the same. Here’s the result.,693,lhvk41,https://i.redd.it/42vn6dsf4xg61.jpg,184,1613079641.0,,2021-02-11 16:40:41
"Dumb straw man Naral made, protecting one group ≠ taking rights from another group",697,jfd15p,https://i.redd.it/35c8rp87cgu51.jpg,331,1603287781.0,,2020-10-21 09:43:01
I am new to Reddit. I got negative karma for encouraging a girl who thinks her baby might have downs not to abort. I’m still not sorry. Don’t murder your babies!!! #abolishabortion,694,lh9fqx,https://i.redd.it/wmfz07lb3rg61.jpg,172,1613006624.0,,2021-02-10 20:23:44
"People with disabilities can hear you. People who went through foster care can hear you. People who grew up poor, experienced abuse, or were raised by single moms can hear you. Everyone whose lives you're describing as not worth living--**they can hear you**.",691,lkon1g,https://i.redd.it/79ducvy5uph61.jpg,50,1613427286.0,,2021-02-15 17:14:46
If they were capable of abstinence...,686,rbxw4j,https://i.redd.it/my17g3ue5d481.png,345,1638988748.0,,2021-12-08 13:39:08
Stop👏erasing👏pro-life👏women👏! You don't speak for us.,689,jmot41,https://i.redd.it/9leygvnnbuw51.png,174,1604328788.0,,2020-11-02 09:53:08
Allie on BlazeTV,684,hf7oh4,https://i.redd.it/aspn5n30uw651.jpg,69,1593027122.0,,2020-06-24 15:32:02
I don’t think they liked my answer,690,y1tw4h,https://i.redd.it/2qgyi4enwat91.jpg,179,1665548284.0,,2022-10-12 00:18:04
"Nice. From Scarlet Rainbow, ""🖤Goths against Abortion - because it's wrong to kill innocent people. Goths do not conform to the societal norm. The societal norm is abortion. Otherwise it wouldn't be supported by the media and Hollywood. #ProLifeGoth""",687,mvges3,https://i.redd.it/2e1xdrs7aju61.jpg,188,1619013962.0,,2021-04-21 10:06:02
It’s almost as if they’re recognising it’s a cruel fate for a person....,689,ltrsle,https://i.redd.it/d0p3rf4ts1k61.jpg,22,1614443809.0,,2021-02-27 11:36:49
haha I'm joking,687,gp8yhr,https://i.redd.it/c4nrbdjsvj051.png,33,1590255271.0,,2020-05-23 13:34:31
"""Why aren't republicans doing more to help pregnant women""",688,vnj38j,https://i.redd.it/ipbvkyoj1l891.jpg,170,1656518193.0,,2022-06-29 11:56:33
The people whose lives you suggest aren't worth living? They can hear you.,684,p1pdjb,https://i.redd.it/ngxrjmqpajg71.jpg,114,1628602785.0,,2021-08-10 09:39:45
Hope you guys don't mind if I start posting some of my pro-life memes here(this is a really old picture of me),683,hkx9gj,https://i.redd.it/j2hvojydor851.jpg,120,1593836395.0,,2020-07-04 00:19:55
Ableism with extra steps,688,mk3gx0,https://i.redd.it/dw07il7io7r61.gif,109,1617565941.0,,2021-04-04 15:52:21
"""Care"" what a lie",679,m7l8c4,https://i.redd.it/5i9a5buqjqn61.jpg,69,1616050979.0,,2021-03-18 03:02:59
At least they know,685,yb71xr,https://i.redd.it/cqkd0q3r7hv91.jpg,85,1666496358.0,,2022-10-22 23:39:18
Nobody has ever said any of these things except for a pro choicer making a strawman,686,llboid,https://i.redd.it/9hm1nfkv6wh61.jpg,96,1613504202.0,,2021-02-16 14:36:42
i mean...,680,iw6qmz,https://i.redd.it/ln02icb458o51.jpg,73,1600573454.0,,2020-09-19 23:44:14
"Let’s celebrate all the stories of parents who didn’t listen to the pro-abortion crowd, and gave birth to babies that are loving life!",676,tf62n3,https://www.reddit.com/gallery/tf62n3,70,1647394539.0,,2022-03-15 21:35:39
"""enslavement""",682,wgxma2,https://i.redd.it/j6iqct8uswf91.jpg,113,1659711482.0,,2022-08-05 10:58:02
"""Literally Hand Maid's Tale."" Grow the fuck up and stop making babies you don't want.",676,pj1khr,https://i.redd.it/aw3rln0kiwl71.jpg,224,1630942054.0,,2021-09-06 11:27:34
Need Links/Phone Numbers/ Resources for crisis pregnancy centers and others akin,679,g3pou6,https://www.reddit.com/r/prolife/comments/g3pou6/need_linksphone_numbers_resources_for_crisis/,106,1587225123.0,"The sub needs to have resources so that women who are thinking about abortion, can use it to help them if they decide to keep the baby. If you have any resources link them here. We need recourses from all across the globe so if you’re in a different country it’s even better.",2020-04-18 11:52:03
Wholesome story,675,xbv4wj,https://i.redd.it/ox3z1cm8yan91.jpg,43,1662933735.0,,2022-09-11 18:02:15
I don't get how they think this is a gotcha.,672,qowhyl,https://i.redd.it/upndygjvb8y71.jpg,87,1636315265.0,,2021-11-07 15:01:05
That thing... it scares them,673,j576i6,https://i.redd.it/p1wdv7lyd5r51.jpg,91,1601847649.0,,2020-10-04 17:40:49
"Hear that, men? If you don’t want your baby killed off and feel despair over your loss, you’re a misogynist 🙄",676,lojiyo,https://i.redd.it/gaebisu7vpi61.jpg,306,1613863495.0,,2021-02-20 18:24:55
Finally something we can all agree on,675,ljbiro,https://i.redd.it/xun8dibbsbh61.jpg,193,1613257167.0,,2021-02-13 17:59:27
"The pro-life view is not about hating women, it's about acknowledging that the unborn are human beings and thus deserve rights",675,iaftp8,https://i.redd.it/8fc01hsyd8h51.png,78,1597526865.0,,2020-08-15 17:27:45
"Gun violence kills less people in 20 years than abortion kills in 1. Keep trying, Pro-Choicers",678,xgrx4z,https://i.redd.it/js95wlrxago91.jpg,120,1663434390.0,,2022-09-17 13:06:30
👍,673,wdko35,https://i.redd.it/1xdhqj1uh4f91.jpg,95,1659368788.0,,2022-08-01 11:46:28
Poland bans eugenic abortion,673,jg1gw9,https://www.reuters.com/article/poland-abortion-ruling-idUSW8N2EN014,111,1603379578.0,,2020-10-22 11:12:58
Poland to implement near-total ban on abortion,673,l6ydld,https://www.rawstory.com/poland-to-implement-near-total-ban-on-abortion/,182,1611845028.0,,2021-01-28 09:43:48
If this is a repost then you can remove it. Can’t remember if I saw it here or not though.,673,nuc2bb,https://v.redd.it/ohsxi6u7eu371,357,1623071119.0,,2021-06-07 09:05:19
my brother gave me receipts for this one and everything smh 😔 goodbye sweet internet points,669,km1gg3,https://i.redd.it/q96wtdiuf0861.jpg,130,1609197166.0,,2020-12-28 18:12:46
Pro-choicers stop making implausible scenarios challenge (impossible),668,vyiqr5,https://i.redd.it/8lry25spkfb91.png,142,1657759542.0,,2022-07-13 20:45:42
🥱,675,ln78t5,https://i.redd.it/c9mva0it8di61.jpg,56,1613710677.0,,2021-02-18 23:57:57
From Pokemon,672,l4pf4w,https://i.redd.it/o5t3k4avshd61.jpg,28,1611586603.0,,2021-01-25 09:56:43
Switched the word for 'black person' with 'foetus' in a 1862 slavery argument and decided to post it to the prochoice sub. Becomes the most up voted post of the day. Do you think it's fair to say that some arguments for slavery are used to justify abortion?,664,ordmtm,https://www.reddit.com/gallery/ordmtm,152,1627227030.0,,2021-07-25 11:30:30
Love this sign!,669,l9jzxi,https://i.redd.it/kej5v6o90qe61.jpg,35,1612121794.0,,2021-01-31 14:36:34
"""I beg no one for my equality. I have as much right as anyone to be alive.""",666,jieyyq,https://i.redd.it/l5nqdub63gv51.png,26,1603720591.0,,2020-10-26 09:56:31
Personal sacrifice to take care of the weak is a very liberal idea. Why then do they sacrifice the lives of the weakest and most vulnerable among us to temporarily benefit humans who are stronger? Pro-abortion goes against their ideology.,668,k3copt,https://i.redd.it/zd118w51m7261.jpg,101,1606668906.0,,2020-11-29 11:55:06
Was banned from r/atheism for posting a single word. Worth it.,663,b1pgmn,https://i.redd.it/5wj32x0odfm21.png,100,1552717791.0,,2019-03-16 02:29:51
"Look, actual human garbage.",663,rgwqtn,https://i.redd.it/w0awidp6wo581.jpg,75,1639566742.0,,2021-12-15 06:12:22
"Friendly reminder to leave political views at a different sub, and focus on what actually matters.",662,jqlvlm,https://i.redd.it/l4k1e93em3y51.jpg,107,1604877207.0,,2020-11-08 18:13:27
Using a child to promote ways of killing humans,661,xct88s,https://i.redd.it/m20wjessvin91.jpg,123,1663029766.0,,2022-09-12 20:42:46
What the heck??? How the hell is this supposed to be a happy moment????,666,sysu6p,https://i.redd.it/011v8zm24fj81.jpg,441,1645550201.0,,2022-02-22 12:16:41
Thought this belonged here,666,jtxpks,https://i.redd.it/t0ywq75mm5z51.jpg,60,1605337344.0,,2020-11-14 02:02:24
When WaPo accidentally admits that it’s a baby and not a cluster of cells.,662,qnfdyv,https://i.redd.it/5mina7kn4tx71.jpg,148,1636131234.0,,2021-11-05 12:53:54
Why is that so hard to understand?,660,l16i9e,https://i.redd.it/1266rwt3rgc61.jpg,346,1611138056.0,,2021-01-20 05:20:56
Missouri is first state to have no active abortion facility - Metro Voice News,664,kvrl73,https://metrovoicenews.com/missouri-is-first-state-to-have-no-active-abortion-facility/,159,1610457872.0,,2021-01-12 08:24:32
"He's a good liar, I'll give him that",663,kbrqfq,https://i.redd.it/vxiiz4c07s461.png,83,1607789850.0,,2020-12-12 11:17:30
Murdered over position of earth relative to stars,661,gy4312,https://i.redd.it/lb3n422bde351.png,128,1591496178.0,,2020-06-06 22:16:18
"Abortion is a human rights violation, no matter what your gender is. Stand up.",657,njeat9,https://i.redd.it/qoadhnt62x071.jpg,114,1621795846.0,,2021-05-23 14:50:46
"Happy St. Patrick’s day, Irish! ☘️🇮🇪",660,m77ibp,https://i.redd.it/7uz4dyaewmn61.jpg,28,1616006804.0,,2021-03-17 14:46:44
Pope Francis is pulling no punches,656,k6g3ng,https://i.redd.it/xmq3si5pe4361.jpg,116,1607065967.0,,2020-12-04 02:12:47
Courtesy of IDSC for Life.,662,jyif3g,https://i.redd.it/jwfhyo5xpn061.jpg,20,1605992228.0,,2020-11-21 15:57:08
"Amazing story, but I'm sure he agrees he'd be better off dead. /s",658,pmz4aw,https://v.redd.it/bup5849ue4n71,108,1631474253.0,,2021-09-12 15:17:33
"Amy Coney Barrett confirmed to SCOTUS, 52-48 vote",659,jiqp0q,https://www.reddit.com/r/prolife/comments/jiqp0q/amy_coney_barrett_confirmed_to_scotus_5248_vote/,222,1603757556.0,"Just happened live (sorry, can't find a link yet)! Hopefully this means big things for the pro-life movement.",2020-10-26 20:12:36
Whoever said this makes an excellent point!,657,vgs4w4,https://i.redd.it/aq5e626gjt691.jpg,44,1655749371.0,,2022-06-20 14:22:51
Some memes write themselves,660,m74ift,https://i.redd.it/sahmzztg9mn61.jpg,61,1615999093.0,,2021-03-17 12:38:13
"Our co-leader, Terrisa, in DC this weekend.",657,l8wzvq,https://i.redd.it/0k54nu6zlje61.jpg,142,1612044347.0,,2021-01-30 17:05:47
"""Thank you Kanye, Very Cool!""",652,doqgy9,https://i.redd.it/ka96ctobohv31.jpg,73,1572358750.0,,2019-10-29 10:19:10
Kanye West speaking out against abortion!,652,xxi6u1,https://youtu.be/CWd2swxLooQ,110,1665095120.0,,2022-10-06 18:25:20
Louisiana voters approve Amendment 1 to exclude ‘right to abortion’ from state constitution,653,jnpvsf,https://www.catholicnewsagency.com/news/louisiana-amendment-1-to-exclude-right-to-abortion-passes-38651,95,1604462956.0,,2020-11-03 23:09:16
Life is an unalienable human right.,655,gnzv2f,https://i.redd.it/lof12tm885051.jpg,118,1590077964.0,,2020-05-21 12:19:24
"I love this subreddit so I felt like sharing ❤️ this is my youngest, she’s due in less than a week",651,lxz5kb,https://i.redd.it/124pu5z9p3l61.jpg,54,1614902683.0,,2021-03-04 19:04:43
This was posted on r/memes.....,648,ho3rac,https://i.redd.it/2nduh33lau951.jpg,128,1594303922.0,,2020-07-09 10:12:02
🙂,648,x7f6zq,https://i.redd.it/mtnz8x80o9m91.jpg,27,1662482334.0,,2022-09-06 12:38:54
so they are evil because they want to adopt a child.What is wrong with these people,648,voa07d,https://i.redd.it/lns348xwsr891.jpg,120,1656600042.0,,2022-06-30 10:40:42
Because obviously owning a gun and not wanting children dead is a contradiction.,648,g9pjrs,https://i.redd.it/pshpu7ndxkv41.jpg,134,1588088645.0,,2020-04-28 11:44:05
"We love breaking Reddit’s site-wide rules. (Inciting/glorifying violence). But instead of a removal or ban, they’ll surely get awards because they’re on the correct side of the argument.",651,iykutv,https://i.redd.it/e4zeayvh5zo51.jpg,202,1600900470.0,,2020-09-23 18:34:30
This is a great way to look at it!,649,ret6qb,https://v.redd.it/qtz6ilbz75581,203,1639328587.0,,2021-12-12 12:03:07
By Maria Oswalt and Nicholas Neal,646,jzj0xg,https://i.redd.it/jupsxk5770161.jpg,52,1606143321.0,,2020-11-23 09:55:21
My hometown is considering banning abortion within its city limits!,649,jebhf0,https://thefederalist.com/2020/09/10/lubbock-texas-seeking-to-become-sanctuary-city-for-the-unborn/,53,1603143590.0,,2020-10-19 17:39:50
An unborn baby is a person and a human being from conception. Whether the baby is wanted should not alter this fact.,647,e2yxoi,https://i.redd.it/x3c1t10awf141.jpg,68,1574952408.0,,2019-11-28 09:46:48
"Supreme Court Takes No Action, Texas Abortion Ban Goes Into Effect",648,pfvof8,https://dailycaller.com/2021/09/01/texas-abortion-ban-heartbeat-bill-goes-into-effect/,684,1630508469.0,,2021-09-01 11:01:09
You think COVID is bad? Think again. . .,645,koxe9h,https://i.redd.it/4h26u5737x861.jpg,190,1609593748.0,,2021-01-02 08:22:28
There's so much straw in this strawman you could feed 70 horses and 40 cows,645,jz2q2w,https://i.redd.it/dgp1xc1mou061.jpg,153,1606076536.0,,2020-11-22 15:22:16
"Having Down’s syndrome should *not* be a death sentence, especially when 99% are happy with their lives.",644,y4tz21,https://www.reddit.com/gallery/y4tz21,99,1665855761.0,"All abortion is eugenics, on the poor, the broken and the disabled. “The proof is in the pudding” as they say. Prayers for our brothers and sisters facing difficulties in accepting God’s will. May all souls come to know Christ, and be known by him, especially in the blessed sacrament. 🙏🏻",2022-10-15 13:42:41
It's like they're addicted to stereotyping us.,647,n4opt7,https://i.redd.it/7kum0odmy3x61.jpg,96,1620136003.0,,2021-05-04 09:46:43
The inconvenient truth,641,w6czce,https://i.redd.it/mcus7prwkdd91.jpg,74,1658607088.0,,2022-07-23 16:11:28
I regret my abortion.,644,j8jy06,https://www.reddit.com/r/prolife/comments/j8jy06/i_regret_my_abortion/,144,1602334323.0,"This is a very sensitive topic so please if possible be kind. 

I had an abortion last year and I don't want to go into too much detail but what I do want to tell you is that I regret it so much. I have extremely narcissistic parents and I was so afraid of what they would say as they bully me enough. I thought it was my only choice. I was sexually assaulted by a family friend and I felt like I had no other choice.

Maybe for some of you who had abortions you moved on and you're fine but this is not always the case. When I went to get the abortion they made it seem so easy and talked about the baby as if it was nothing. I am still physically and emotionally scarred. I was bleeding for months after my abortion due to complications and I still live with nightmares and regrets. I wish I kept my baby and I wish when I Googled about abortion that there were more honest accounts of abortions. I just saw so much ""positivity"" that it was so easy and you'll be fine in a couple of weeks or even days. I regret it. I would do anything to have kept that baby. It would have given me motivation, I would have done my best to raise her. It is not just a clump of cells, it is not just a ""parasite"". It's a life. I feel like a commited murder I truly feel like this.  It was a life that would have had a name, a personality, everything . I regret it and I just wanted to share this. I regret it so much and I hate myself for it. I wish I didn't make such a permanent decision on temporary feelings because no matter how hard life gets there is always a way and there is always support. Maybe not with your family or friends but even here on Reddit, Facebook whatever. There are people out there who could help. I wish I researched it more.


EDIT: Thank you guys so much for your advice, links, prayers. You have no idea how much you have made me cry and helped me. I'm going to check the websites of post-abortion help and I'm going to get myself some help. I've literally been crying and I feel so free. I've been living with this guilt for so long. Thank you guys so much you are so kind and helpful. I finally feel like there's hope.

I'm also trying my best to respond to everybody because you took time out of your day to write to me and I want to respond but there's a lot of comments so sorry if I don't get back to you. Just know that I appreciate it so much and I'm going to get help so I can help others in my situation.",2020-10-10 08:52:03
"Sadly, I think we’ve all noticed that.",645,brsxj0,https://i.imgur.com/Igizb7l.jpg,149,1558552829.0,,2019-05-22 15:20:29
A foetus is NOT a parasite.,642,mo443s,https://v.redd.it/jinn70vqecs61,50,1618059088.0,,2021-04-10 08:51:28
Literally. Nothing.,640,yxnhyh,https://i.redd.it/zg0tb29cg9841.png,51,1668683370.0,,2022-11-17 06:09:30
One Pro-Life meme a day challenge: Day 4,644,gbin66,https://i.redd.it/rknum5z0u5w41.jpg,69,1588341764.0,,2020-05-01 10:02:44
Beyond parody,642,yyfdfk,https://i.redd.it/tby9ql92gox81.jpg,55,1668761571.0,,2022-11-18 03:52:51
That's a lot of damage!,640,f561bm,https://i.redd.it/6d0cdr0g8gh41.jpg,62,1581929960.0,,2020-02-17 03:59:20
"Brandon Tatum: You made the choice in the bedroom, not the clinic!",637,am2bqi,https://i.redd.it/46vc1vixryd21.png,245,1549029996.0,,2019-02-01 09:06:36
Stunning and brave,638,uufz9i,https://i.redd.it/6ybhyltnfr091.jpg,190,1653108797.0,,2022-05-21 00:53:17
Their logic,631,nplwrx,https://i.redd.it/cc57f6293l271.jpg,104,1622522616.0,,2021-06-01 00:43:36
This stuff I found on r/christianity 🤮,632,kocvkx,https://i.redd.it/s7g4ys92nq861.jpg,347,1609514373.0,,2021-01-01 10:19:33
“I've noticed that everyone who is for abortion has already been born.” -Ronald Reagan,635,ijc7u2,https://www.reddit.com/r/prolife/comments/ijc7u2/ive_noticed_that_everyone_who_is_for_abortion_has/,187,1598791993.0,,2020-08-30 08:53:13
yup,634,h7vdeg,https://i.redd.it/k7cwacuq9k451.jpg,53,1592003330.0,,2020-06-12 19:08:50
"Abortion promotes a society that believes motherhood is a drawback, fertility is a disease, and the unborn are disposable. Abortion is anti-woman.",635,btyis8,https://i.redd.it/aux5hrwelx031.jpg,239,1559040229.0,,2019-05-28 06:43:49
My brother's Pre-School is taking away fun activities from students because of how the “teachers” feel about the overturn.,633,vpbv3w,https://i.redd.it/irognnvyi2991.jpg,349,1656711867.0,,2022-07-01 17:44:27
I think my brain aborted itself,629,q15clc,https://i.redd.it/jy7u3m6wpfr71.jpg,648,1633353791.0,,2021-10-04 09:23:11
Wow this is so sad and heartbreaking...,629,mklh3a,https://www.reddit.com/gallery/mklh3a,172,1617631527.0,,2021-04-05 10:05:27
"holy shit, do they really think we think like this?",626,ujswkf,https://i.redd.it/cnl72yaz6wx81.png,640,1651858870.0,,2022-05-06 13:41:10
Kill someone's child without even telling them. Feminists are lunatics.,628,geq08p,https://i.redd.it/v4u4ksr4y6x41.jpg,203,1588791145.0,,2020-05-06 14:52:25
https://www.breitbart.com/politics/2020/10/30/black-pro-life-activists-file-racial-discrimination-claim-planned-parenthood/#,634,jlib27,https://i.redd.it/dajdewhzlfw51.jpg,34,1604150657.0,,2020-10-31 09:24:17
Dude tracked me down to r/videogames to comment on my prolife views,629,yu8hyj,https://i.redd.it/kulp9uwm9rz91.jpg,172,1668361451.0,,2022-11-13 12:44:11
Abortion is now illegal from conception in Tennessee,625,wx557f,https://www.reddit.com/r/prolife/comments/wx557f/abortion_is_now_illegal_from_conception_in/,177,1661403668.0,"It's 12:00 AM CDT on August 25, 2022.  That means that the unborn are protected in my home of Tennessee!  Idaho will follow at their midnight!",2022-08-25 01:01:08
It's reddit why am I surprised,626,kn21e8,https://i.redd.it/kxeec8kqqb861.png,127,1609334005.0,,2020-12-30 08:13:25
This is so factual.,628,fgklj7,https://i.redd.it/eqg4rw00pwl41.jpg,267,1583872630.0,,2020-03-10 16:37:10
"To share some good news, today in Mexico more than a million people marched nationwide against arbortion. On my city alone were 200k people, I've never cried so much in my life.",631,q0w1zv,https://www.reddit.com/gallery/q0w1zv,109,1633313160.0,,2021-10-03 22:06:00
Based Poland. Sticking up for the unborn,628,oi13tw,https://i.redd.it/uggb2wzutja71.jpg,212,1625994136.0,,2021-07-11 05:02:16
What a horrid thing to say. (image originally from r/iamatotalpieceofshit. I've also extra censored it),630,kdwwy1,https://i.redd.it/xcqiazodnf561.jpg,124,1608073940.0,,2020-12-15 18:12:20
Boy do they baffle me...,622,i0r52e,https://i.redd.it/hc8nwbhod1e51.jpg,66,1596133104.0,,2020-07-30 14:18:24
That subreddit is a laughingstock,627,vqr01o,https://i.redd.it/ml4me9vn3f991.png,239,1656882110.0,,2022-07-03 17:01:50
This is satire but yet so true,628,jjetnn,https://i.redd.it/5s8ronxupqv51.jpg,73,1603849288.0,,2020-10-27 21:41:28
"Uhhh... yes? Whether I agree with someone or not does not give me grounds to murder them. I advocate for the right to life for all, not “all those but...”",628,j95d0r,https://i.redd.it/nylxv9dyvgs51.jpg,236,1602422724.0,,2020-10-11 09:25:24
It's not neutral.,624,vag6oq,https://i.redd.it/ol8w8qluz4591.png,242,1655016366.0,,2022-06-12 02:46:06
So YoU'Re NoT aCtUaLlY pRo-LiFe,623,kykfb5,https://i.redd.it/ydcclyezlpb61.jpg,103,1610809453.0,,2021-01-16 10:04:13
Not surprising whatsoever,622,j3w2qn,https://i.redd.it/iyd4jdmu4pq51.jpg,83,1601650876.0,,2020-10-02 11:01:16
States Protecting Life,622,whwc4f,https://i.redd.it/awqpe7s9b5g91.png,111,1659814554.0,,2022-08-06 15:35:54
"Pope Francis: Abortion is ""more than a problem: It’s a homicide."" ""No middle terms. Whomever does an abortion, kills.”",629,possh2,https://cruxnow.com/vatican/2021/09/pope-says-pro-choice-politicians-outside-community-of-church-but-urges-pastoral-response/,243,1631721021.0,,2021-09-15 11:50:21
Cartoon: Denying Communion,622,ni7v7m,https://i.redd.it/3303881fsk071.jpg,51,1621647277.0,,2021-05-21 21:34:37
"Read a book, guys.",627,lwvowt,https://i.redd.it/wtogdbp0utk61.png,214,1614783210.0,,2021-03-03 09:53:30
So now people want to have abortions for fun? Idek what to say to this 🤦🏻‍♀️,622,j38gs3,https://i.redd.it/bqdlchgcihq51.jpg,201,1601558561.0,,2020-10-01 09:22:41
I’m so tired of this argument,623,f9viai,https://i.redd.it/vybcmh7klaj41.jpg,148,1582733425.0,,2020-02-26 11:10:25
Women,620,jt0r9b,https://i.imgur.com/ATjnAAw.jpg,40,1605207734.0,,2020-11-12 14:02:14
They sure showed us.,622,vjzux7,https://i.redd.it/pwuafjw18n791.jpg,42,1656108762.0,,2022-06-24 18:12:42
You're not special. Don't force your cringey nihilist mindsets on the unborn.,615,ppac6z,https://i.redd.it/m38uyx4n9un71.jpg,121,1631786543.0,,2021-09-16 06:02:23
"Bodily rights arguments are important, but not enough to justify elective abortion.",624,n0f6dg,https://i.redd.it/m2813tea5xv61.jpg,166,1619617648.0,,2021-04-28 09:47:28
"So if we repeat our point in all caps, they'll stop pretending we don't exist, right?",620,kzek7e,https://i.redd.it/r50qhf7kfyb61.png,73,1610916250.0,,2021-01-17 15:44:10
Pro-life vs pro-choice,617,kstguu,https://i.redd.it/k9z4pk3dw0a61.jpg,52,1610074417.0,,2021-01-07 21:53:37
"“Wow dude,You think people should live? That’s pretty radical, Idk if society is ready for that”",617,j24ia4,https://i.redd.it/n5k75v0jl4q51.jpg,10,1601402240.0,,2020-09-29 13:57:20
I was late banned,620,ituj9e,https://www.reddit.com/gallery/ituj9e,178,1600259558.0,,2020-09-16 08:32:38
Whether a child is wanted or not doesn't change the fact they are living things.,622,ce33ks,https://i.redd.it/ztbkxrdvdqa31.jpg,41,1563311388.0,,2019-07-16 17:09:48
Perfect 😘👌,617,vb1615,https://i.redd.it/dbqn14yepa591.jpg,207,1655085499.0,,2022-06-12 21:58:19
Make it make sense,620,ud22dz,https://i.redd.it/qrhsy5gpb2w81.jpg,148,1651061401.0,,2022-04-27 08:10:01
Woo!,620,m2h3a8,https://i.redd.it/ct54px47mbm61.jpg,108,1615434355.0,,2021-03-10 22:45:55
I imagine abortion *would* be really simple to explain to kids - as long as you gloss over a few minor details.,615,y62vos,https://i.redd.it/pckxdttq1bu91.jpg,91,1665985858.0,,2022-10-17 01:50:58
These people have such a distorted view of who prolife people are.,619,w2mvn9,https://i.redd.it/7e11petkbhc91.jpg,182,1658216530.0,,2022-07-19 03:42:10
They really assume everyone is as scared of responsibilities as them.,619,opcg42,https://i.redd.it/u1bevwi68rc71.jpg,188,1626955453.0,,2021-07-22 08:04:13
"Much better than the original scene, IMO.",620,kiuqac,https://i.redd.it/hpjjim30dy661.jpg,13,1608736148.0,,2020-12-23 10:09:08
Just can't take it anymore.,612,qe5pt8,https://i.redd.it/y80bvhg1l7v71.jpg,440,1634998696.0,,2021-10-23 10:18:16
Actually happens on r/prochoice,610,ix6kn4,https://i.redd.it/gtonbhsarjo51.jpg,32,1600714092.0,,2020-09-21 14:48:12
Sickening…,617,vxe8np,https://i.redd.it/bvxy28fvq5b91.jpg,222,1657640544.0,,2022-07-12 11:42:24
Accidental pro-life on PCM,611,pwhkqg,https://i.redd.it/pkfo8yw4x1q71.jpg,73,1632750882.0,,2021-09-27 09:54:42
This one is actually from last year but still holds.,614,mao40h,https://i.redd.it/t08a9pmo4lo61.jpg,47,1616421226.0,,2021-03-22 09:53:46
This is powerful. This picture is from our local 40 Days for Life vigil celebration today.,616,jlr26f,https://i.redd.it/er5s2rog6iw51.jpg,81,1604181759.0,,2020-10-31 18:02:39
Life is life.,614,gndvp9,https://i.redd.it/gl2s0fpqyxz41.jpg,59,1589990027.0,,2020-05-20 11:53:47
"""Humor""",614,pv3356,https://i.redd.it/anwbn8af6mp71.png,214,1632560298.0,,2021-09-25 04:58:18
This Lethal Discrimination Must End.,611,mansbr,https://i.redd.it/r58o5ooy1lo61.jpg,130,1616420311.0,,2021-03-22 09:38:31
Stop using anti-life language,615,hloaqs,https://i.redd.it/qr704qp132951.jpg,183,1593962396.0,,2020-07-05 11:19:56
Oh no! How ever will we live without misery!,613,yrv5ee,https://i.redd.it/rlj8yifik7z91.jpg,144,1668122973.0,,2022-11-10 18:29:33
It's true,613,uin4ky,https://i.redd.it/68u0h1hfjkx81.jpg,250,1651717770.0,,2022-05-04 22:29:30
The Link Is Included,614,so11zq,https://i.redd.it/g0o58o4qopg81.jpg,21,1644370668.0,,2022-02-08 20:37:48
TheY aRen'T hUMaN b3Ing5 TheREForE tHeY hAV3 n0 HuMaN rIGHt5,617,ofng3r,https://i.redd.it/224bptkeqt971.jpg,134,1625678194.0,,2021-07-07 13:16:34
Make no mistake - a state that ranks 1st in public education but legalizes abortion doesn't give a shit about children.,610,ng7esl,https://i.redd.it/9o8j07mq73071.jpg,63,1621434689.0,,2021-05-19 10:31:29
"They seriously think that killing people counts as ""care""",610,m1epww,https://i.redd.it/6iikgl8a52m61.jpg,58,1615319701.0,,2021-03-09 14:55:01
Stop funding the murder of unborn babies,609,ih1syi,https://i.redd.it/ngehs265gdj51.jpg,127,1598458458.0,,2020-08-26 12:14:18
Curb your pro choice,611,wuuc2d,https://i.redd.it/nj3mlqnbt9j91.jpg,54,1661176580.0,,2022-08-22 09:56:20
yOu’re a mOnstER,614,l3k03m,https://i.redd.it/uysm4eo985d61.jpg,64,1611434398.0,,2021-01-23 15:39:58
The people whose lives you suggest aren't worth living? They can hear you.,608,kwi04o,https://i.redd.it/6ps7va2x54b61.png,122,1610549800.0,,2021-01-13 09:56:40
Back at ya sister.,614,jggj1d,https://i.redd.it/nar10xv80su51.jpg,139,1603429040.0,,2020-10-23 00:57:20
I-,617,hrr1d7,https://i.redd.it/v7falyd4v1b51.jpg,66,1594831425.0,,2020-07-15 12:43:45
The advertising in the NYC subway system clearly is not geared towards us.,612,gcgfm6,https://i.redd.it/hhr9xzp6ufw41.jpg,94,1588462885.0,,2020-05-02 19:41:25
Your employer isn't your friend. They just don't want to pay for you to be a parent,609,vmkq97,https://i.redd.it/ehj7wbb0ic891.jpg,49,1656414765.0,,2022-06-28 07:12:45
Pro-life atheist and SPL volunteer Neil from the Chicago March for Life in January. You don't have to be religious to be against abortion.,609,v54dht,https://i.redd.it/i79sx97nwp391.jpg,147,1654397842.0,,2022-06-04 22:57:22
🤔,610,osn9nh,https://i.redd.it/5h4s2lkegrd71.jpg,45,1627394010.0,,2021-07-27 09:53:30
Empowerment according to pro-aborts,612,kkoa2v,https://i.redd.it/st8qrarc2l761.jpg,83,1609011025.0,,2020-12-26 14:30:25
Abortion is not normal.,604,ho9ose,https://i.redd.it/dco9mg6gwv951.jpg,48,1594323383.0,,2020-07-09 15:36:23
honestly disgusting…,604,y28cx3,https://v.redd.it/u82v19m7iet91,118,1665591865.0,,2022-10-12 12:24:25
For The Logic Impaired,606,nlc7fx,https://i.redd.it/2ff1ycfnhf171.jpg,331,1622019020.0,,2021-05-26 04:50:20
Posted by Live Action twitter,604,vs2o7p,https://i.redd.it/t969qxbr6s991.png,69,1657040540.0,,2022-07-05 13:02:20
Currently 18 weeks pregnant and can no longer participate in r/pregnant because I don’t believe it’s okay to kill babies… really sad. I didn’t even post anything in that Reddit.,605,py1jnf,https://i.redd.it/fmoptv82khq71.jpg,164,1632940195.0,,2021-09-29 14:29:55
It's almost like you don't need anyone else for this conversation.,609,kpv16i,https://i.redd.it/ohwb7oe257961.png,58,1609714137.0,,2021-01-03 17:48:57
You always get this same intelligence-devoid answer from PCs when you try to use comparison or metaphor.,603,i908ue,https://i.redd.it/iupqpd7kyrg51.jpg,102,1597326601.0,,2020-08-13 09:50:01
Nice,606,kxwu1a,https://i.redd.it/ng68spr8mib61.jpg,71,1610724785.0,,2021-01-15 10:33:05
It makes zero sense to tell people who are worried about human rights violations to just mind their own business.,601,kdn2jh,https://i.redd.it/0wcct2qi6d561.png,114,1608043876.0,,2020-12-15 09:51:16
Based meme from r/consumeproduct,608,g51472,https://i.redd.it/xuvsmbsyd1u41.jpg,47,1587416238.0,,2020-04-20 16:57:18
"Well well well, how the turntables. Original tweet in the comments",604,rhtsev,https://i.redd.it/n12iwad7hx581.jpg,60,1639670666.0,,2021-12-16 11:04:26
The gist of an actual conversation I’ve had,605,mimt6n,https://i.redd.it/r68wkpq25sq61.jpg,136,1617377807.0,,2021-04-02 11:36:47
"""GoD iS tHe BigGeSt AbOrTiOnIsT"" mmmk by your logic he's the biggest serial killer too but I don't see you arguing we should legalize all murder H/T Scarlet Rainbow",605,mpee6e,https://i.redd.it/1ta12tyh0rs61.jpg,123,1618235852.0,,2021-04-12 09:57:32
Gotta love Reddit,609,k5mqiv,https://i.redd.it/jyxsu973ev261.jpg,114,1606956801.0,,2020-12-02 19:53:21
When pro choicers accidentally use an argument incels use,603,jcx0hi,https://i.redd.it/2rkcgkwbaot51.jpg,177,1602948155.0,,2020-10-17 11:22:35
Why do feminists think this is a good objection to Pro-life men?,604,g6b6j6,https://i.redd.it/1oivfqyt6gu41.jpg,153,1587595501.0,,2020-04-22 18:45:01
I thought this would be helpful for the “Fetus is not a human being” argument.,605,i3t24j,https://i.redd.it/op8486ed82f51.jpg,76,1596579273.0,,2020-08-04 18:14:33
"I literally love “let them live” ,, this is such a good post! try and support this organization even if you’re pro-choice, they raise money for women who decide to keep their child so they can still go after what they want, despite having a baby",605,gn0h8q,https://i.redd.it/7ax89d079tz41.jpg,45,1589932867.0,,2020-05-19 20:01:07
I would not be surprised if this were true. These girls believe in astrology but not in morals.,600,lzaigy,https://i.redd.it/q70ik1fxxgl61.jpg,66,1615062982.0,,2021-03-06 15:36:22
"I mostly love Reddit, but...",604,k0qks2,https://i.redd.it/3wf0xwuqgd161.png,96,1606303929.0,,2020-11-25 06:32:09
the goalpost has moved,603,vua0yy,https://i.redd.it/ocbyom6bcca91.jpg,130,1657284546.0,,2022-07-08 08:49:06
Just so sad to see things like this (sorry if repost),604,ps1nbw,https://i.redd.it/9wttvcv4kpo71.jpg,161,1632165380.0,,2021-09-20 15:16:20
I'm appalled,599,k472no,https://i.redd.it/w60t31zbfg261.png,102,1606775652.0,,2020-11-30 17:34:12
I made a pretty low-quality meme but I think it gets the point across,598,k0amsp,https://i.redd.it/zwqfpo2zd8161.png,48,1606242460.0,,2020-11-24 13:27:40
"Well, ok.",597,vrbhs0,https://i.redd.it/7680tklwwk991.jpg,218,1656952672.0,,2022-07-04 12:37:52
It’s trash,602,npa7gt,https://i.redd.it/1mjkw2of3i271.jpg,124,1622486358.0,,2021-05-31 14:39:18
"That’s nice. For my part, I am a pro-government anarchist.",598,kah03w,https://i.redd.it/2fhu6gv5md461.jpg,168,1607613288.0,,2020-12-10 10:14:48
"<3 Original prompt: ""If you were pro-choice and are now Pro-Life, tell me why.""",596,oukz2o,https://i.redd.it/19diif0luce71.jpg,185,1627653023.0,,2021-07-30 09:50:23
Someone made up this comeback so I made it into a meme,597,mczmot,https://i.redd.it/99x7j76jq6p61.jpg,79,1616682818.0,,2021-03-25 10:33:38
And they say that WE are playing God,604,k23eqa,https://i.redd.it/aafr32v7zs161.jpg,199,1606491739.0,,2020-11-27 10:42:19
"Fucking yes! You’ll be arguing on the basis of human rights, innocence, justice, science…and out of no where they’ll squawk “skydaddy.”",597,uiarn1,https://i.redd.it/kc5d8sjamhx81.jpg,159,1651682412.0,,2022-05-04 12:40:12
oh Garfield.,597,xx5mry,https://i.redd.it/wbmywhi5w6s91.jpg,22,1665063842.0,,2022-10-06 09:44:02
This captures the situation quite well.,596,nnbx58,https://i.redd.it/a6gcj9p5jy171.jpg,52,1622249507.0,,2021-05-28 20:51:47
New Zealand just approved a new measure allowing for paid leave after miscarriage. Applying to couples who lose a baby at any point. So they just admitted that life begins at conception.,599,md0ite,https://i.redd.it/gjt9yr3px6p61.jpg,78,1616685227.0,,2021-03-25 11:13:47
Very strict rules criteria in the pro choice side of the argument.,595,g31vyd,https://i.redd.it/0zxiiipwpdt41.jpg,52,1587129689.0,,2020-04-17 09:21:29
"""IT'S DONE"": West Virginia Governor Jim Justice has signed the abortion ban into law!",599,xfwhrj,https://i.redd.it/mu9i8qiz29o91.jpg,53,1663346965.0,,2022-09-16 12:49:25
Pro-Choice is Built on Lies,595,l40rfw,https://i.imgur.com/Xc1mPFq.jpg,58,1611499712.0,,2021-01-24 09:48:32
It’s really sad that there are people who think of pregnancy this way.,601,jbnmf7,https://i.redd.it/czcnzl12h9t51.jpg,171,1602768815.0,,2020-10-15 09:33:35
The Sad State of Reddit,597,w3d9d5,https://i.redd.it/qqm33mykjnc91.jpg,61,1658291862.0,,2022-07-20 00:37:42
I wonder if people will still be calling me anti-choice when I'm like 70 or something.,590,ocaknx,https://i.redd.it/5mnf8z9s1t871.jpg,214,1625234067.0,,2021-07-02 09:54:27
"""Nobody praises abortion""",594,o2b6qr,https://i.redd.it/ngafveleww571.jpg,117,1623973141.0,,2021-06-17 19:39:01
Hey guys. Also standin' right here. (Stop erasing pro-life women!),590,mbfcg3,https://i.redd.it/axk43bwqaso61.jpg,31,1616508013.0,,2021-03-23 10:00:13
"In the United States, 23% of abortion opponents are Catholic and 12% have no religious affiliation according to a Pew poll. We are proud to stand with our pro-life brothers and sisters of all faith backgrounds to end the violence of abortion!",597,lxmhxe,https://i.redd.it/oq82nkbx01l61.jpg,168,1614870280.0,,2021-03-04 10:04:40
"Abortion is not pro-woman, it only serves a society that can treat pregnancy and motherhood as a disease. This is what prolife feminism is about.",594,etx3w4,https://i.redd.it/vl0pog6avzc41.jpg,104,1579988508.0,,2020-01-25 16:41:48
The World's Largest Human Rights March is Against Abortion,594,saisdd,https://v.redd.it/54n49dgglcd81,67,1642904652.0,,2022-01-22 21:24:12
"Pick a narrative, prochoicers. 🙄",594,omd6hs,https://i.redd.it/ky8d9iimcub71.jpg,189,1626557363.0,,2021-07-17 17:29:23
"I mean, the statement is true, but I don't think it gets you as far as you think?",596,n14r1j,https://i.redd.it/ci4worxja4w61.png,42,1619704167.0,,2021-04-29 09:49:27
African Women to Biden: Please Don’t Fund Abortion in Africa,592,lcffnh,https://www.cnsnews.com/article/international/patrick-goodenough/african-women-biden-please-dont-fund-abortion-africa,139,1612444657.0,,2021-02-04 08:17:37
"People in my Generation Are So Brainwashed, One Guy Even Commented ""Her Body, Her Rules""",593,iwk8yw,https://i.redd.it/xc8jpekbsco51.png,128,1600629684.0,,2020-09-20 15:21:24
When a pro choice Dad wants his wife to abort their third child. Suddenly Reddit thinks men get a say in the decision.,594,q3e5bd,https://i.redd.it/oj0pnw5qc2s71.jpg,108,1633627822.0,,2021-10-07 13:30:22
Texas passes laws to restrict abortion,594,mgwze1,https://i.redd.it/qmeq87pn7aq61.jpg,41,1617160746.0,,2021-03-30 23:19:06
Love the BB sometimes,595,keb83t,https://i.redd.it/6p3vp423ik561.jpg,26,1608132514.0,,2020-12-16 10:28:34
it’s HATE SPEECH,592,wpkfkd,https://i.redd.it/c9g334qk30i91.jpg,164,1660623110.0,,2022-08-16 00:11:50
That first comment is a big yikes,596,wozpdd,https://i.redd.it/bgbhm9o0qvh91.jpg,67,1660570122.0,,2022-08-15 09:28:42
"For such an advanced society, we sure have gone backwards in a lot of ways.",591,wly338,https://i.redd.it/ly8ofnrnk4h91.jpg,141,1660241435.0,,2022-08-11 14:10:35
"People who actively hate pro-lifers, trying to tell pro-lifers, what is and isn't pro-life. Tf?",592,mrze5s,https://i.redd.it/rlvjc2q15it61.jpg,251,1618564268.0,,2021-04-16 05:11:08
“OP Don't Listen To This”,593,omoxgd,https://i.redd.it/yl7it8q5kyb71.jpg,199,1626608325.0,,2021-07-18 07:38:45
Such a subtle difference.,594,njyb0y,https://i.redd.it/dpm16osdo2171.jpg,75,1621863844.0,,2021-05-24 09:44:04
"You can contest the term ""babies"" for embryos, but when the same side defends elective late-term abortion, the terminology debate gets harder to take seriously.",592,qw25c9,https://i.redd.it/dct6jumyf6081.jpg,23,1637164122.0,,2021-11-17 10:48:42
Anyone else sick to death of this ridiculous meme?,592,bqxfig,https://i.redd.it/uy6369w03ez21.png,171,1558368146.0,,2019-05-20 12:02:26
Shrodingers Fetus,588,gprev9,https://i.redd.it/4pl7o8uvcq051.jpg,30,1590333635.0,,2020-05-24 11:20:35
"Pro choicers being over dramatic, pregnancy isn’t comparable to slavery in the slightest",583,lp70sw,https://i.redd.it/rcxsjq9qewi61.jpg,229,1613942691.0,,2021-02-21 16:24:51
Proof that babies are alive before being born,587,j86dnw,https://i.redd.it/lfeompetm4s51.jpg,104,1602274370.0,,2020-10-09 16:12:50
Yikes,586,qx479n,https://i.redd.it/1h5zbe9o9g081.jpg,54,1637283076.0,,2021-11-18 19:51:16
Abstinence,583,peoeus,https://v.redd.it/pjoomvyrjjk71,172,1630349251.0,,2021-08-30 14:47:31
Pro choicers vandalized a pro-life sign outside my church. This is just wrong.,588,hsflx6,https://i.redd.it/e12cgmr8m9b51.jpg,147,1594925297.0,,2020-07-16 14:48:17
"Not quite 1000, but 649 is still a terrible tragic number. This needs to end.",584,noo0qs,https://i.redd.it/fm6i1nf8lc271.jpg,31,1622419702.0,,2021-05-30 20:08:22
"Well I'm glad we cleared that all up, abortion isn't just murdering an unborn child, it's an act of ritualistic sacrifice (Courtesy of Steven Seagal #7265)",584,jq8lvs,https://i.redd.it/529wt6iwczx51.jpg,161,1604825604.0,,2020-11-08 03:53:24
Pro-Life,580,wkww5r,https://i.redd.it/l5f1a7eswvg91.jpg,38,1660136552.0,,2022-08-10 09:02:32
Poor guy got downvoted to oblivion by his fellow pro-choicers for trying to stay biologically accurate,583,nhtdl1,https://i.redd.it/h3rhbd7tdh071.png,119,1621606045.0,,2021-05-21 10:07:25
Hey guys. Standin' right here.,587,m69mfm,https://i.redd.it/owrmf01rben61.jpg,67,1615903006.0,,2021-03-16 09:56:46
"Pro-choice feminist groups continually insist you can't be feminist and ""anti-choice."" Netflix' ""Reversing Roe"" documentary cut tons of footage of pro-life women and showcased almost exclusively men for the anti-abortion side. We are a HUGE demographic, and this fact has been true for decades.",578,keyubg,https://i.redd.it/nho8ooksgr561.jpg,84,1608216826.0,,2020-12-17 09:53:46
TheY doN'T De5ErV3 hUMaN RigHT5,587,key0rp,https://i.redd.it/f7iyhqr18r561.png,150,1608213889.0,,2020-12-17 09:04:49
"I've found that a lot of pro choicers will just assume that every pro life person is religious, and that all religions deny science. When, in fact, pro choicers deny science by saying a fetus isn't a living human",584,iuqetd,https://www.reddit.com/r/prolife/comments/iuqetd/ive_found_that_a_lot_of_pro_choicers_will_just/,133,1600370542.0,,2020-09-17 15:22:22
"hi everyone again, it’s been a while since i posted buttt meet baby Priamo, born at 5.2lbs on 08/18/20 at 31 ish weeks but the doctors say he’s likely older😂(more info in the comments)",580,igf2fg,https://i.redd.it/fs1pizuq96j51.jpg,79,1598371555.0,,2020-08-25 12:05:55
It is kind of true,581,hmg4s2,https://i.redd.it/xygju161ua951.png,39,1594068324.0,,2020-07-06 16:45:24
*Laughs in Woman*,583,g5edce,https://i.redd.it/aw0jjs9o06u41.jpg,176,1587472334.0,,2020-04-21 08:32:14
how merciful,577,f4t7uq,https://i.redd.it/0c28j7sfq5h41.jpg,45,1581871655.0,,2020-02-16 11:47:35
Can’t believe how dumb this is.,578,ujj4eu,https://i.redd.it/z5umvbozktx81.jpg,340,1651827257.0,,2022-05-06 04:54:17
“This Vox article says abortion isn’t murder!!”,578,k2pip2,https://i.redd.it/731dxb8w10261.jpg,62,1606577386.0,,2020-11-28 10:29:46
Real A+ Biology,581,wbk7dq,https://i.redd.it/t58040xgnle91.png,133,1659141238.0,,2022-07-29 20:33:58
"Guys, they’re onto us",579,shzqzk,https://i.redd.it/kh1xpl1x59f81.jpg,95,1643734825.0,,2022-02-01 12:00:25
I’ll just leave this here.,582,ol6m3l,https://i.redd.it/ezg4dfca9hb71.jpg,127,1626398851.0,,2021-07-15 21:27:31
can’t reason with these people,581,k3x98s,https://i.redd.it/715tda9m5e261.jpg,119,1606748135.0,,2020-11-30 09:55:35
"That’s a dumb argument, that’s like saying outlawing murder doesn’t stop murder",584,jx3lra,https://i.redd.it/efcauhdfi7061.jpg,220,1605795998.0,,2020-11-19 09:26:38
I might start using this comeback,583,jjxwc7,https://i.redd.it/f28qs6avvwv51.jpg,65,1603923951.0,,2020-10-28 18:25:51
Nice Argumentum ad populum.,576,vu7opv,https://i.redd.it/fjdckfmaoba91.jpg,208,1657276470.0,,2022-07-08 06:34:30
