timestamp,location,text
2022-11-26T22:36:02.000Z,Norway,The latest Norway4TRUMP! https://t.co/2lnpVCUWFs Thanks to @AdvertisingLaw @lucindy24 @TerryWRobertson #foxnews #abortionban
2022-11-26T20:46:27.000Z,Texas,The latest Just stuff that interests me! https://t.co/rsGk7f1xB2 Thanks to @DrEddyMD @BCancerT #abortionban #spikeproteins
2022-11-26T18:36:36.000Z,holley4734@gmail.com,The latest Echo! https://t.co/h2VRq9HSY3 Thanks to @davidto302 @mtdp08230 #women #abortionban
2022-11-26T02:11:07.000Z,"Washington, DC",Whenever I see a new #abortion ban I instantly feel joyful.🥰 I applaud anyone that’s pressuring your state officials to remove #abortions #gop #RoeVsWade #lib #democrats #republicans #abortionban
2022-11-25T22:36:03.000Z,"New York, NY",The latest Norway4TRUMP! https://t.co/YA8WwadMkD Thanks to @kunkelKAG @rocket_xp @niloc14061952 #foxnews #abortionban
2022-11-25T20:45:49.000Z,"Cleveland, Oh",The latest Just stuff that interests me! https://t.co/SgrDK5RHgd Thanks to @DrEddyMD #abortionban #spikeproteins
2022-11-25T19:20:00.000Z,,"🔥WATCH  HERE👇 #AppealsCourt Allows Challenge to CA #ElectionLaws; GA #HighCourt Reinstates 6-Week #AbortionBan  

https://t.co/b4han4TzPN"
2022-11-25T18:36:39.000Z,,The latest Echo! https://t.co/S5Lvcqfjzo Thanks to @carlosvictorva6 @MVignoles @VegasJohnny #women #abortionban
2022-11-25T18:02:55.000Z,,Georgia #SupremeCourt reverses decision to block 6-week #AbortionBan https://t.co/6VNpKei237 @TheView @cspanwj
2022-11-25T13:35:12.000Z,,#RoeVsWade #RoeVsWadeOverturned #Roe #WomensRights #womensreproductiverights #GOP #GOPHYPOCRISY #ReproductiveRights #Republicans #antiabortion #AbortionBan #Abortion #SCOTUS #Penis https://t.co/kN4LrrF8k1
2022-11-24T22:36:02.000Z,Norway,The latest Norway4TRUMP! https://t.co/fALmtgSo1o Thanks to @4WheeledDog @freethought202 #foxnews #abortionban
2022-11-24T20:45:46.000Z,Texas,The latest Just stuff that interests me! https://t.co/sLvRkQmqsr #abortionban #spikeproteins
2022-11-24T19:32:29.000Z,"Wichita, Kansas",#usa #abortionban #prolife™️ who cares right? Just a woman. Or a girl in this case. Meh https://t.co/RS96YEH8y3
2022-11-24T18:36:37.000Z,holley4734@gmail.com,The latest Echo! https://t.co/ZoSJ94au1r Thanks to @tj_frock @MVignoles @yesterdayafter1 #women #abortionban
2022-11-24T16:27:20.000Z,"Hong Kong | Bay Area, USA","JUST IN: #BNNUS Reports. 

Georgia's Supreme Court had reinstated the state's six-week abortion ban after it was overturned by a lower court last week. #Georgia #AbortionBan #US #Politics https://t.co/0Jrbd8W3eI"
2022-11-24T15:02:39.000Z,,"Thanks #GeorgiaSupremeCourt - your ruling to re-activate Georgia’s #AbortionBan will help re-elect #SenatorWarnock! 

https://t.co/MnZlZpmU6u"
2022-11-24T12:20:38.000Z,,"The #Georgia Supreme Court yesterday #reinstated the state's #AbortionBan after roughly 6 weeks of #pregnancy.
It put a lower court ruling #overturning the #abortion ban on hold while it considers an #appeal. 

https://t.co/8l9YwHhdNy"
2022-11-24T05:20:00.000Z,,#Georgia #SupremeCourt reinstates six-week #abortionban  https://t.co/ZRRvccbyZQ
2022-11-23T23:30:02.000Z,New York City,Will #Georgia's reinstatement of the state's six-week #AbortionBan impact the state's Senate runoff race? https://t.co/gO3rNycK6z
2022-11-23T22:36:02.000Z,New York City,The latest Norway4TRUMP! https://t.co/1mdejRnM1n Thanks to @MZHemingway @Heminator #foxnews #abortionban
2022-11-23T21:32:59.000Z,,I hope this will rally the women’s and young adult votes for ⁦@ReverendWarnock⁩ #Georgia #abortionban  https://t.co/JpLMRTX7nr
2022-11-23T20:59:56.000Z,India,"Georgia's controversial LIFE #abortionban, which forbids abortions after around six weeks of pregnancy, has been reinstated by the state's Supreme court.  

https://t.co/sZXaQ6SSRc"
2022-11-23T20:45:47.000Z,Texas,The latest Just stuff that interests me! https://t.co/4nvQsAXPt2 Thanks to @CensureTalks #abortionban #spikeproteins
2022-11-23T20:03:17.000Z,Texas,"#Georgia reinstates #AbortionBan &amp; that is another win against the Moloch Covens.
https://t.co/lVCcou9NzP"
2022-11-23T18:36:39.000Z,holley4734@gmail.com,The latest Echo! https://t.co/GlpczUcOzS Thanks to @CoMtnMama1 @MVignoles #women #abortionban
2022-11-23T18:31:51.000Z,Seattle (NYC soon),"JUST IN (#AbortionRights) via @washingtonpost's @bellwak:

""The Georgia Supreme Court has reinstated the state’s [#AbortionBan] after six weeks of pregnancy, just one week after the law was overturned by a Fulton County judge.""
https://t.co/8gPio2a7Jp"
2022-11-23T18:20:30.000Z,Argentina,"Georgia's supreme court orders US state's abortion law back into effect

#EstadosUnidos #UnitedStates #Aborto #Abortion #Georgia @PPSE_Advocates @AmyKennedy715 #RoeVsWade #derechosreproductivos #abortionban 
https://t.co/rMhFiddt09"
2022-11-23T18:20:12.000Z,"Puerto Vallarta, Mexico","Estados Unidos: El Tribunal Supremo de Georgia ordenó que vuelva a entrar en vigor su ley estatal del aborto

#EstadosUnidos #UnitedStates #Aborto #Abortion #Georgia @PPSE_Advocates @AmyKennedy715 #RoeVsWade #derechosreproductivos #abortionban 
https://t.co/rMhFiddt09"
2022-11-23T17:51:30.000Z,"Indianapolis, IN","Plan C: A Safe, Self-Managed, At-Home Abortion Option Is Here https://t.co/eYnw44MGkG #abortion #abortionban #AbortionIsHealthcare #abortionisahumanright #abortionrights #usa https://t.co/RqoKGJdcQ1"
2022-11-23T09:08:42.000Z,"Indianapolis, IN","This Dude Needs Hooked On Phonics!

#RaphaelWarnock #HerschelWalker #AbortionBan #AbortionRights #AbortionIsHealthcare #AbortionRightsAreHumanRights #RoeVWade #VoteBlue2022 #VoteBlueToSaveAmerica #VoteBlueOrWeAreScrewed #VoteBlueNoMatterWho #VoteBlueToSaveDemocracy #Georgia #SMH https://t.co/4hbpk6xSRf"
2022-11-23T07:02:35.000Z,"Indianapolis, IN","(Shaking My Damn Head)

YUP...He Said ERECTION So I Guess They Are Going To Just Sit There And Act Like He Didn't Say What He Just Said 🤔

#RaphaelWarnock #HerschelWalker #AbortionBan #AbortionRights #AbortionIsHealthcare #AbortionRightsAreHumanRights #WomensRightsAreHumanRights https://t.co/AzLGEMO5W9"
2022-11-23T04:08:14.000Z,"NY, NY  RT are not endorsement",.@ksorbs discusses #voterfraud #Colorado #shooting #media #Hollywood #abortionban and his upcoming movies on my @tntradiolive show. https://t.co/UXUlPt5aW0
2022-11-22T22:36:03.000Z,Norway,The latest Norway4TRUMP! https://t.co/Dd7xNer7WU Thanks to @SierraDante @Farmers70473212 @seanmdav #foxnews #abortionban
2022-11-22T20:45:59.000Z,Texas,The latest Just stuff that interests me! https://t.co/hITzxroiv5 #abortionban #spikeproteins
2022-11-22T18:36:39.000Z,holley4734@gmail.com,The latest Echo! https://t.co/oUBA9cTrg9 Thanks to @MVignoles #women #abortionban
2022-11-22T06:10:46.000Z,America ,"Men CAN NOT GET PREGNANT 
only women HAVE PERIODS. ABORTION IS mass murder. SCIENCE SAYS YOUR GENDER. Being offended is completely up to you. NO ONE CAN OFFEND YOU without your permission. 

#abortionban #ABORTIONS  #gender #Health #LiberalHypocrisy #Dems"
