timestamp,location,text
2022-11-26T20:34:35.000Z,"MN, USA",Check out this #podcast https://t.co/s7T8H6xKL1 #jesus #christiantwitter  #follow
2022-11-26T14:17:17.000Z,,"Please watch, retweet and share a testimony @ https://t.co/FfzttPpnEB 🙏🏾 God Got Me, God Got You!!! 

#GodGotMeGodGotYou #Faith #Hope #Love #FYP #Retweet #ChristianTwitter #BlackFriday 

https://t.co/LlU83dUqmo"
2022-11-26T10:44:36.000Z,,A great #podcast https://t.co/s7T8H6xKL1 #jesus #christiantwitter  #follow
2022-11-26T10:24:15.000Z,,"Human saviour JESUS
#christiantwitter #blessed #devotion #peace #truth #love #faith #hope #church #believer #godisgood  #bible #Jesuschrist #prayer #gospel #verse  #rivival #pray #truth #hope #scripture #worship #holyspirit  #Jesusisking #rapture #jesusday #live #GoodNews https://t.co/9TLgbfc2NQ"
2022-11-26T05:24:10.000Z,I'm at where I am at!!!!,"Please watch, retweet and share a testimony @ https://t.co/7bvjCWnnDz 🙏🏾 God Got Me, God Got You!!! 

#GodGotMeGodGotYou #Faith #Hope #Love #FYP #Retweet #ChristianTwitter #BlackFriday 

https://t.co/N1KCWbwlfs"
2022-11-26T04:56:12.000Z,"Greater Twin Cities, MN","Catholicism will always be Christ’s true Church Matthew 16:18

#CatholicTwitter #catholic #catholiclife #Catholics #catholicism #catholicdad #romancatholic #romancatholicchurch #christian #christiantwitter #Christianity"
2022-11-26T04:53:46.000Z,"Greater Twin Cities, MN","#makeGodapriority #HeReigns #ChristianFacebook #ChristianSnapChat #ChristianTwitter #ChristianTiktok #ChristianInstagram #DailyDevotional #VersoOfTheDay #PrayerForToday
#GODsMercy #Purpose #Christianity #FAITH #GODsGrace #GODSWillBeDone #GODReignsForeverAndEver https://t.co/LdWkWYVdno"
2022-11-26T04:53:33.000Z,"Greater Twin Cities, MN","#makeGodapriority #HeReigns #ChristianFacebook #ChristianSnapChat #ChristianTwitter #ChristianTiktok #ChristianInstagram #DailyDevotional #VersoOfTheDay #PrayerForToday
#GODsMercy #Purpose #Christianity #FAITH #GODsGrace #GODSWillBeDone #GODReignsForeverAndEver https://t.co/PN4kOG5S2u"
2022-11-26T04:49:24.000Z,"Greater Twin Cities, MN","#makeGodapriority #HeReigns #ChristianFacebook #ChristianSnapChat #ChristianTwitter #ChristianTiktok #ChristianInstagram #DailyDevotional #VersoOfTheDay #PrayerForToday
#GODsMercy #Purpose #Christianity #FAITH #GODsGrace #GODSWillBeDone #GODReignsForeverAndEver https://t.co/H1uhJQrRwl"
2022-11-26T03:00:26.000Z,"Greater Twin Cities, MN",Christians &amp; Sci-Fi (Spoiler: it’s all good!) The heart of my ministry #ChristianTwitter #ChristianSciFi https://t.co/6UQTzNWjtK
2022-11-26T01:39:23.000Z,"P.O. Box 78 Salem, IN 47167",Giant Slayers #giantslayers #injesusname #christiantwitter #pastorsoftwitter #christianmotivation #timetorise #riseup #fypchristiantwitter #revivalfire https://t.co/okoPyjgxrn
2022-11-26T01:24:32.000Z,"Leeds, England",This week on #ChristianTwitter https://t.co/N4HMfUzO1Z
2022-11-25T21:33:19.000Z,"Hamilton, OH","Kinism is sin
Christian Nationalism is sin
White Christian Nationalism is sin
Racism is sin

Interracial marriage is beautiful 

And apparently it’s state the obvious day on #ChristianTwitter sadly, again…"
2022-11-25T20:35:09.000Z,"MN, USA",Check out this #podcast https://t.co/s7T8H6xKL1 #jesus #christiantwitter  #follow
2022-11-25T18:46:21.000Z,,"Hey Christian Twitter, I released a new single today called ""Alive"" be blessed as you listen 😊 #christiantwitter  #Jesus #JesusSaves

https://t.co/Lxctq9DG1N"
2022-11-25T17:40:47.000Z,,#christiantwitter #prayer #JesusIsLord #JesusIsComingSoon #revival #prophetic https://t.co/D7o0hu3KlN
2022-11-25T10:44:37.000Z,I'm at where I am at!!!!,A great #podcast https://t.co/s7T8H6yiAz #jesus #christiantwitter  #follow
2022-11-25T03:37:17.000Z,I'm at where I am at!!!!,"#makeGodapriority #HeReigns #ChristianFacebook #ChristianSnapChat #ChristianTwitter #ChristianTiktok #ChristianInstagram #DailyDevotional #VersoOfTheDay #PrayerForToday
#GODsMercy #Purpose #Christianity #FAITH #GODsGrace #GODSWillBeDone #GODReignsForeverAndEver https://t.co/JUW2SCJE9c"
2022-11-25T03:37:05.000Z,I'm at where I am at!!!!,"#makeGodapriority #HeReigns #ChristianFacebook #ChristianSnapChat #ChristianTwitter #ChristianTiktok #ChristianInstagram #DailyDevotional #VersoOfTheDay #PrayerForToday
#GODsMercy #Purpose #Christianity #FAITH #GODsGrace #GODSWillBeDone #GODReignsForeverAndEver https://t.co/50em7tCRCv"
2022-11-25T03:36:55.000Z,I'm at where I am at!!!!,"#makeGodapriority #HeReigns #ChristianFacebook #ChristianSnapChat #ChristianTwitter #ChristianTiktok #ChristianInstagram #DailyDevotional #VersoOfTheDay #PrayerForToday
#GODsMercy #Purpose #Christianity #FAITH #GODsGrace #GODSWillBeDone #GODReignsForeverAndEver https://t.co/1nVmVmQp9E"
2022-11-25T03:36:34.000Z,I'm at where I am at!!!!,"#makeGodapriority #HeReigns #ChristianFacebook #ChristianSnapChat #ChristianTwitter #ChristianTiktok #ChristianInstagram #DailyDevotional #VersoOfTheDay #PrayerForToday
#GODsMercy #Purpose #Christianity #FAITH #GODsGrace #GODSWillBeDone #GODReignsForeverAndEver https://t.co/eqleoi14IK"
2022-11-24T22:31:07.000Z,,"We have great cause to thank God, and to serve Him better in days to come, and to prepare more fully for eternity. 

#Christian #christiantwitter #Christianity #ThankGod #JesusIsComingSoon #JesusSaves #JesusIsLord #ThanksgivingDay #ThanksLiving #thankfulgratefulblessed #thankful"
2022-11-24T20:36:14.000Z,"MN, USA",Check out this #podcast https://t.co/s7T8H6g9mr #jesus #christiantwitter  #follow
2022-11-24T16:50:07.000Z,Earth,"#ChristianTwitter

Both the blocker and the blocked, you people will get to heaven and realize that your arguments on earth about who should pamper (or not) were futile. 

You'll only be rewarded for soul-winning and soul-building."
2022-11-24T14:46:18.000Z,"NYC,USA & Montreal,Canada","Please #post: For those grieving #Loss of loved ones on #ThanksgivingDay - the OPEN #Thanksgiving Virtual Peerled #Grief #support #Groupchat meeting by https://t.co/SwVCH7IleB is tonight at 9PM EST"": #gay  #CatholicTwitter #christiantwitter #LGBT #LGBTQ https://t.co/G6BMaGclPa https://t.co/uE0iHaMNkq"
2022-11-24T14:44:20.000Z,"NY, NY","Please #share &amp; #post: For those grieving #Loss of loved ones on #ThanksgivingDay - the OPEN #Thanksgiving Virtual Peerled #Grief #support #Groupchat meeting by https://t.co/IFTKewaLIz is tonight at 9PM EST"": #CatholicTwitter #christiantwitter #LGBT #LGBTQ https://t.co/3hkHdc3FCK https://t.co/32ntpkoBmN"
2022-11-24T14:35:26.000Z,"Jos, Nigeria","""I've learned not to provide for myself
Everytime I do, I return to realize God already provided for me"" @SChingtok 
#memoirs_of_the_Godman
#conversations_among_the_mature
#christiantwitter"
2022-11-24T10:49:40.000Z,"Port Harcourt, Nigeria","The rainbow, beautiful colours standing alone, even more beautiful standing together, symbolising God's promise to humanity. How did such beautiful divine creation come to symbolise depravity and ungodliness? Let's take back the rainbow! @SpiricocoNg #ChristianTwitter @ChiomaPhi"
2022-11-24T10:45:18.000Z,In God's hands ,A great #podcast https://t.co/s7T8H6yiAz #jesus #christiantwitter  #follow
2022-11-24T09:35:25.000Z,In God's hands ,"Thank God I'm not in any CT twitter cult... All of them are mad. Every eke market days, they're fighting themselves. If you're a Christian on twitter don't join any #ChristianTwitter group, you won't grow as a Christian, coz you'll be defending people you don't even know upandan."
2022-11-24T03:16:38.000Z,,"Be on the alert
#christiantwitter #blessed #devotion #peace #truth #love #faith #hope #church #believer #godisgood  #bible #Jesuschrist #prayer #gospel #verse  #rivival #pray #truth #hope #scripture #worship #holyspirit  #Jesusisking #rapture #jesusday #live #GoodNews https://t.co/fn6jyAoNbI"
2022-11-23T20:34:57.000Z,"MN, USA",Check out this #podcast https://t.co/s7T8H6yiAz #jesus #christiantwitter  #follow
2022-11-23T20:17:00.000Z,I'm at where I am at!!!!,"#makeGodapriority #HeReigns #ChristianFacebook #ChristianSnapChat #ChristianTwitter #ChristianTiktok #ChristianInstagram #DailyDevotional #VersoOfTheDay #PrayerForToday
#GODsMercy #Purpose #Christianity #FAITH #GODsGrace #GODSWillBeDone #GODReignsForeverAndEver https://t.co/KJI6tgsXt7"
2022-11-23T20:16:53.000Z,I'm at where I am at!!!!,"#makeGodapriority #HeReigns #ChristianFacebook #ChristianSnapChat #ChristianTwitter #ChristianTiktok #ChristianInstagram #DailyDevotional #VersoOfTheDay #PrayerForToday
#GODsMercy #Purpose #Christianity #FAITH #GODsGrace #GODSWillBeDone #GODReignsForeverAndEver https://t.co/QuBqFMVIgs"
2022-11-23T20:16:43.000Z,I'm at where I am at!!!!,"#makeGodapriority #HeReigns #ChristianFacebook #ChristianSnapChat #ChristianTwitter #ChristianTiktok #ChristianInstagram #DailyDevotional #VersoOfTheDay #PrayerForToday
#GODsMercy #Purpose #Christianity #FAITH #GODsGrace #GODSWillBeDone #GODReignsForeverAndEver https://t.co/U1WfHxRNCb"
2022-11-23T20:16:24.000Z,I'm at where I am at!!!!,"#makeGodapriority #HeReigns #ChristianFacebook #ChristianSnapChat #ChristianTwitter #ChristianTiktok #ChristianInstagram #DailyDevotional #VersoOfTheDay #PrayerForToday
#GODsMercy #Purpose #Christianity #FAITH #GODsGrace #GODSWillBeDone #GODReignsForeverAndEver https://t.co/jnFNUa5u5o"
2022-11-23T20:15:35.000Z,I'm at where I am at!!!!,"#makeGodapriority #HeReigns #ChristianFacebook #ChristianSnapChat #ChristianTwitter #ChristianTiktok #ChristianInstagram #DailyDevotional #VersoOfTheDay #PrayerForToday
#GODsMercy #Purpose #Christianity #FAITH #GODsGrace #GODSWillBeDone #GODReignsForeverAndEver https://t.co/tPg2bC3PIJ"
2022-11-23T20:15:18.000Z,I'm at where I am at!!!!,"#makeGodapriority #HeReigns #ChristianFacebook #ChristianSnapChat #ChristianTwitter #ChristianTiktok #ChristianInstagram #DailyDevotional #VersoOfTheDay #PrayerForToday
#GODsMercy #Purpose #Christianity #FAITH #GODsGrace #GODSWillBeDone #GODReignsForeverAndEver https://t.co/mvXF43VOVk"
2022-11-23T20:14:59.000Z,I'm at where I am at!!!!,"#makeGodapriority #HeReigns #ChristianFacebook #ChristianSnapChat #ChristianTwitter #ChristianTiktok #ChristianInstagram #DailyDevotional #VersoOfTheDay #PrayerForToday
#GODsMercy #Purpose #Christianity #FAITH #GODsGrace #GODSWillBeDone #GODReignsForeverAndEver https://t.co/HmZ0mQISHa"
2022-11-23T20:14:46.000Z,I'm at where I am at!!!!,"#makeGodapriority #HeReigns #ChristianFacebook #ChristianSnapChat #ChristianTwitter #ChristianTiktok #ChristianInstagram #DailyDevotional #VersoOfTheDay #PrayerForToday
#GODsMercy #Purpose #Christianity #FAITH #GODsGrace #GODSWillBeDone #GODReignsForeverAndEver https://t.co/8flnWXH8Bb"
2022-11-23T20:14:19.000Z,I'm at where I am at!!!!,"#makeGodapriority #HeReigns #ChristianFacebook #ChristianSnapChat #ChristianTwitter #ChristianTiktok #ChristianInstagram #DailyDevotional #VersoOfTheDay #PrayerForToday
#GODsMercy #Purpose #Christianity #FAITH #GODsGrace #GODSWillBeDone #GODReignsForeverAndEver https://t.co/2MN1NhLUrG"
2022-11-23T13:31:45.000Z,"Dallas, TX","Hey Guys, I decided to open an Etsy store to spread mainly the message of God on a shirt. I would appreciate it if y’all could just check it out please ❤️ #Christianity #christiantwitter #JesusIsComingSoon #JesusChrist #TrendingNow  https://t.co/uoDUPZDadq"
2022-11-23T13:26:29.000Z,Nigeria ,"Am I the only one who doesn't feel this song in church?

""O gbe ogo fun ole mi""

And they will now add the ogo like 1 million times.

Who is the ole? I'm not Lazy in Jesus name o!😄😄😄

#ChristianTwitter"
2022-11-23T12:39:54.000Z,"England, United Kingdom","#ChristianTwitter Ask Alexa to ""Play worship songs"""
2022-11-23T10:45:02.000Z,"MN, USA",A great #podcast https://t.co/s7T8H6xKL1 #jesus #christiantwitter  #follow
2022-11-23T04:39:55.000Z,"Greenville, SC","#makeGodapriority #HeReigns #ChristianFacebook #ChristianSnapChat #ChristianTwitter #ChristianTiktok #ChristianInstagram #DailyDevotional #VersoOfTheDay #PrayerForToday
#GODsMercy #Purpose #Christianity #FAITH #GODsGrace #GODSWillBeDone #GODReignsForeverAndEver https://t.co/JqycOAPeZs"
2022-11-23T04:39:31.000Z,"Greenville, SC","#makeGodapriority #HeReigns #ChristianFacebook #ChristianSnapChat #ChristianTwitter #ChristianTiktok #ChristianInstagram #DailyDevotional #VersoOfTheDay #PrayerForToday
#GODsMercy #Purpose #Christianity #FAITH #GODsGrace #GODSWillBeDone #GODReignsForeverAndEver https://t.co/DAdhGrEQgu"
2022-11-23T04:39:23.000Z,"Greenville, SC","#makeGodapriority #HeReigns #ChristianFacebook #ChristianSnapChat #ChristianTwitter #ChristianTiktok #ChristianInstagram #DailyDevotional #VersoOfTheDay #PrayerForToday
#GODsMercy #Purpose #Christianity #FAITH #GODsGrace #GODSWillBeDone #GODReignsForeverAndEver https://t.co/9MNqGrbQxl"
2022-11-23T04:39:13.000Z,"Greenville, SC","#makeGodapriority #HeReigns #ChristianFacebook #ChristianSnapChat #ChristianTwitter #ChristianTiktok #ChristianInstagram #DailyDevotional #VersoOfTheDay #PrayerForToday
#GODsMercy #Purpose #Christianity #FAITH #GODsGrace #GODSWillBeDone #GODReignsForeverAndEver https://t.co/HyA90D4KmZ"
2022-11-23T02:22:01.000Z,"Greenville, SC",Victory is mine! #needaword #thereisaword  #christianTwitter #encouragement #transformation https://t.co/MRgQP2KlyJ
2022-11-22T20:35:32.000Z,"MN, USA",Check out this #podcast https://t.co/s7T8H6yiAz #jesus #christiantwitter  #follow
2022-11-22T19:00:01.000Z,,"Singleness is a gift. @Jonnyardavanis expounds.

For more, listen to “Singleness: Bless Your Little (Unmarried) Heart...Really?” on your favorite podcast platform or at https://t.co/aZXasuwcTX.

#forthegospel #christianity #christiantwitter #reels #sounddoctrine #christian #truth https://t.co/4lh5agD9Rh"
2022-11-22T10:44:50.000Z,I'm at where I am at!!!!,A great #podcast https://t.co/s7T8H6g9mr #jesus #christiantwitter  #follow
2022-11-22T05:41:34.000Z,I'm at where I am at!!!!,"#makeGodapriority #GODReignsForeverAndEver #ChristianFacebook #ChristianSnapChat #ChristianTwitter #ChristianTiktok #ChristianInstagram #DailyDevotional #VerseOfTheDay #PrayerForToday
#GODsMercy #Purpose #Christianity #FAITH #GODsGrace #GODSWillBeDone  #YouVersion #GlorifyBible https://t.co/ih2pAKwPzH"
2022-11-22T05:41:24.000Z,I'm at where I am at!!!!,"#makeGodapriority #GODReignsForeverAndEver #ChristianFacebook #ChristianSnapChat #ChristianTwitter #ChristianTiktok #ChristianInstagram #DailyDevotional #VerseOfTheDay #PrayerForToday
#GODsMercy #Purpose #Christianity #FAITH #GODsGrace #GODSWillBeDone  #YouVersion #GlorifyBible https://t.co/vszIo5UOAt"
2022-11-22T05:41:16.000Z,I'm at where I am at!!!!,"#makeGodapriority #GODReignsForeverAndEver #ChristianFacebook #ChristianSnapChat #ChristianTwitter #ChristianTiktok #ChristianInstagram #DailyDevotional #VerseOfTheDay #PrayerForToday
#GODsMercy #Purpose #Christianity #FAITH #GODsGrace #GODSWillBeDone  #YouVersion #GlorifyBible https://t.co/X7xlhLjlom"
2022-11-22T05:41:06.000Z,I'm at where I am at!!!!,"#makeGodapriority #GODReignsForeverAndEver #ChristianFacebook #ChristianSnapChat #ChristianTwitter #ChristianTiktok #ChristianInstagram #DailyDevotional #VerseOfTheDay #PrayerForToday
#GODsMercy #Purpose #Christianity #FAITH #GODsGrace #GODSWillBeDone  #YouVersion #GlorifyBible https://t.co/P0DahbEIe8"
2022-11-22T05:41:02.000Z,I'm at where I am at!!!!,"#makeGodapriority #GODReignsForeverAndEver #ChristianFacebook #ChristianSnapChat #ChristianTwitter #ChristianTiktok #ChristianInstagram #DailyDevotional #VerseOfTheDay #PrayerForToday
#GODsMercy #Purpose #Christianity #FAITH #GODsGrace #GODSWillBeDone  #YouVersion #GlorifyBible https://t.co/d69yhHQXyG"
2022-11-22T05:40:45.000Z,I'm at where I am at!!!!,"#makeGodapriority #GODReignsForeverAndEver #ChristianFacebook #ChristianSnapChat #ChristianTwitter #ChristianTiktok #ChristianInstagram #DailyDevotional #VerseOfTheDay #PrayerForToday
#GODsMercy #Purpose #Christianity #FAITH #GODsGrace #GODSWillBeDone  #YouVersion #GlorifyBible https://t.co/MZtpwUIAp4"
2022-11-22T05:40:39.000Z,I'm at where I am at!!!!,"#makeGodapriority #GODReignsForeverAndEver #ChristianFacebook #ChristianSnapChat #ChristianTwitter #ChristianTiktok #ChristianInstagram #DailyDevotional #VerseOfTheDay #PrayerForToday
#GODsMercy #Purpose #Christianity #FAITH #GODsGrace #GODSWillBeDone  #YouVersion #GlorifyBible https://t.co/sL8DPde5v3"
2022-11-22T05:40:33.000Z,I'm at where I am at!!!!,"#makeGodapriority #GODReignsForeverAndEver #ChristianFacebook #ChristianSnapChat #ChristianTwitter #ChristianTiktok #ChristianInstagram #DailyDevotional #VerseOfTheDay #PrayerForToday
#GODsMercy #Purpose #Christianity #FAITH #GODsGrace #GODSWillBeDone  #YouVersion #GlorifyBible https://t.co/GaQT2dSPaS"
2022-11-22T05:40:16.000Z,"East London, South Africa ","#makeGodapriority #GODReignsForeverAndEver #ChristianFacebook #ChristianSnapChat #ChristianTwitter #ChristianTiktok #ChristianInstagram #DailyDevotional #VerseOfTheDay #PrayerForToday
#GODsMercy #Purpose #Christianity #FAITH #GODsGrace #GODSWillBeDone  #YouVersion #GlorifyBible https://t.co/jdJy5ppH3b"
2022-11-22T05:40:01.000Z,"East London, South Africa ","#makeGodapriority #GODReignsForeverAndEver #ChristianFacebook #ChristianSnapChat #ChristianTwitter #ChristianTiktok #ChristianInstagram #DailyDevotional #VerseOfTheDay #PrayerForToday
#GODsMercy #Purpose #Christianity #FAITH #GODsGrace #GODSWillBeDone  #YouVersion #GlorifyBible https://t.co/eR7ILaXN3I"
2022-11-22T05:39:54.000Z,"East London, South Africa ","#makeGodapriority #GODReignsForeverAndEver #ChristianFacebook #ChristianSnapChat #ChristianTwitter #ChristianTiktok #ChristianInstagram #DailyDevotional #VerseOfTheDay #PrayerForToday
#GODsMercy #Purpose #Christianity #FAITH #GODsGrace #GODSWillBeDone  #YouVersion #GlorifyBible https://t.co/7scVfoGhxb"
2022-11-22T05:39:34.000Z,"East London, South Africa ","#makeGodapriority #GODReignsForeverAndEver #ChristianFacebook #ChristianSnapChat #ChristianTwitter #ChristianTiktok #ChristianInstagram #DailyDevotional #VerseOfTheDay #PrayerForToday
#GODsMercy #Purpose #Christianity #FAITH #GODsGrace #GODSWillBeDone  #YouVersion #GlorifyBible https://t.co/8NvIAiISXn"
2022-11-22T04:57:06.000Z,"East London, South Africa ","#MyTwitterAnniversary,l created my acc 2017 I didn't understand anything l left for 2yrs 2020 became addicted during the lockdown,I love this app l have found friends &amp; family that match my interests #ChristianTwitter my TL is filled with Christian content . Spurs funs #COYS ❤️ https://t.co/bjH0eSUYDY"
